Văn học,Sách Chuyện Li Kì Ở Xóm Thần Tiên (Bản Thường) - FAHASA.COM.html
Văn học,Sách Con Đường Hồi Giáo (Tái Bản 2017) - FAHASA.COM.html
Văn học,Sách Điều Kỳ Diệu Của Tiệm Tạp Hóa Namiya (Tái Bản 2018) - FAHASA.COM.html
Văn học,Sách Harry Potter Và Phòng Chứa Bí Mật - Tập 2 (Tái Bản 2017) - FAHASA.COM.html
Văn học,Sách Hiểu Về Trái Tim (Tái Bản 2016) - FAHASA.COM.html
Văn học,Sách Thế Giới Rộng Lớn Đừng Đi Một Mình - FAHASA.COM.html
Văn học,Truyện 5 Centimet Trên Giây - FAHASA.COM.html
Văn học,Truyện 999 Lá Thư Gửi Cho Chính Mình - Mong Bạn Trở Thành Phiên Bản Hạnh Phúc Nhất (Tập 2) - FAHASA.COM.html
Văn học,Truyện 999 Lá Thư Gửi Cho Chính Mình - Mong Bạn Trở Thành Phiên Bản Hoàn Hảo Nhất - FAHASA.COM.html
Văn học,Truyện Anh Có Thích Nước Mỹ Không_ (Tái Bản 2018) - FAHASA.COM.html
Văn học,Truyện Anh Không Muốn Để Em Một Mình - FAHASA.COM.html
Văn học,Truyện Bàn Có 5 Chỗ Ngồi (Tái Bản 2018) - FAHASA.COM.html
Văn học,Truyện Bà Nội Găngxtơ (Tái Bản 2018) - FAHASA.COM.html
Văn học,Truyện Bảy Ngày Đếm Ngược - Tặng Kèm Bộ Thẻ Ước Nguyện 7 Ngày (Số Lượng Có Hạn) - FAHASA.COM.html
Văn học,Truyện Bí Mật - Giao Ước Bóng Tối - FAHASA.COM.html
Văn học,Truyện Bố Già (Đông A) - FAHASA.COM.html
Văn học,Truyện Bố Già - FAHASA.COM.html
Văn học,Truyện Bước Chậm Lại Giữa Thế Gian Vội Vã (Tái Bản 2018) - FAHASA.COM.html
Văn học,Truyện Bước Chạy Thanh Xuân - FAHASA.COM.html
Văn học,Truyện Cảm Ơn Người Lớn (Bìa Mềm) - FAHASA.COM.html
Văn học,Truyện Cánh Đồng Bất Tận (Tái Bản 2019) - FAHASA.COM.html
Văn học,Truyện Cà Phê Cùng Tony (Tái Bản 2017) - FAHASA.COM.html
Văn học,Truyện Chắc Gì Ta Đã Yêu Nhau - FAHASA.COM.html
Văn học,Truyện Cho Tôi Xin Một Vé Đi Tuổi Thơ (Bìa Mềm) (Tái Bản 2018) - FAHASA.COM.html
Văn học,Truyện Chuyện Con Mèo Và Con Chuột Bạn Thân Của Nó (Tái Bản 2019) - FAHASA.COM.html
Văn học,Truyện Chuyện Con Ốc Sên Muốn Biết Tại Sao Nó Chậm Chạp (Tái Bản 2018) - FAHASA.COM.html
Văn học,Truyện Cố Định Một Đám Mây - FAHASA.COM.html
Văn học,Truyện Có Hai Con Mèo Ngồi Bên Cửa Sổ (Tái Bản 2018) - FAHASA.COM.html
Văn học,Truyện Con Chó Nhỏ Mang Giỏ Hoa Hồng (Bìa Mềm) - FAHASA.COM.html
Văn học,Truyện Cốt Cách Phụ Nữ - FAHASA.COM.html
Văn học,Truyện Cửa Tiệm Của Những Lá Thư (Tái Bản 2018) - FAHASA.COM.html
Văn học,Truyện Cuộc Sống Rất Giống Cuộc Đời (Tái Bản 2017) - FAHASA.COM.html
Văn học,Truyện Đảo Mộng Mơ - Tái Bản 2018 - FAHASA.COM.html
Văn học,Truyện Đạo Tình - Tập 1 - FAHASA.COM.html
Văn học,Truyện Đạo Tình - Tập 2 - FAHASA.COM.html
Văn học,Truyện Điểm Dối Lừa - FAHASA.COM.html
Văn học,Truyện Điều Kỳ Diệu - FAHASA.COM.html
Văn học,Truyện Động Phòng Hoa Chúc Cách Vách (Tái Bản 2018) - FAHASA.COM.html
Văn học,Truyện Đong Tấm Lòng - FAHASA.COM.html
Văn học,Truyện Được Anh Yêu Mới Gọi Là Yêu - FAHASA.COM.html
Văn học,Truyện Đường Đua Của Những Giấc Mơ - FAHASA.COM.html
Văn học,Truyện Giết Con Chim Nhại (Tái Bản 2019) - FAHASA.COM.html
Văn học,Truyện Góc Khuất Đàn Bà - FAHASA.COM.html
Văn học,Truyện Gọi Em Bằng Tên Anh - FAHASA.COM.html
Văn học,Truyện Hai Số Phận (Tái Bản 2018) - FAHASA.COM.html
Văn học,Truyện Hay Chúng Mình Đừng Hứa Hẹn Gì Nhau! - FAHASA.COM.html
Văn học,Truyện Hãy Yêu Một Người Xứng Đáng Là Đàn Ông - FAHASA.COM.html
Văn học,Truyện Hỏa Ngục (Tái Bản 2018) - FAHASA.COM.html
Văn học,Truyện Hóa Ra Anh Vẫn Ở Đây (Bộ 2 Tập) - FAHASA.COM.html
Văn học,Truyện Kẻ Cướp Cuối Cùng - FAHASA.COM.html
Văn học,Truyện Kẻ Trộm Giấc Mơ - FAHASA.COM.html
Văn học,Truyện Khi Nhìn Thấy Lời Nói Dối Tôi Đã Yêu Em Thật Lòng - Tặng kèm 1 Bookmark (Số Lượng Có Hạn) - FAHASA.COM.html
Văn học,Truyện Không Gia Đình - FAHASA.COM.html
Văn học,Truyện Không Xinh - Không Thông Minh - Không Bất Bình Thế Giới - FAHASA.COM.html
Văn học,Truyện Khu Vườn Ngôn Từ - FAHASA.COM.html
Văn học,Truyện Luật Im Lặng (Mario Puzo) - FAHASA.COM.html
Văn học,Truyện Mắt Biếc (Tái Bản 2018) - FAHASA.COM.html
Văn học,Truyện Mặt Trời Không Lặn Về Tây - FAHASA.COM.html
Văn học,Truyện Mong Mọi Sự Gặp Gỡ Đều Đúng Thời Điểm - FAHASA.COM.html
Văn học,Truyện Một Lít Nước Mắt (Tái Bản 2018) - FAHASA.COM.html
Văn học,Truyện Một Tòa Thành Đang Chờ Anh (Tái Bản 2018) - FAHASA.COM.html
Văn học,Truyện Nếu Chỉ Còn Một Ngày Để Sống - FAHASA.COM.html
Văn học,Truyện Ngày Xưa Có Một Chuyện Tình (Tái Bản) - FAHASA.COM.html
Văn học,Truyện Người Đàn Ông Mang Tên Ove - FAHASA.COM.html
Văn học,Truyện Người Đua Diều (Tái Bản 2018) - FAHASA.COM.html
Văn học,Truyện Người Thắp Sao Trời - FAHASA.COM.html
Văn học,Truyện Nguồn Cội - FAHASA.COM.html
Văn học,Truyện Nhà Giả Kim (Tái Bản 2017) - FAHASA.COM.html
Văn học,Truyện Nữ Sinh - FAHASA.COM.html
Văn học,Truyện Ông Già Và Biển Cả (Tái Bản 2018) - FAHASA.COM.html
Văn học,Truyện Ông Trăm Tuổi Trèo Qua Cửa Số Và Biến Mất (Tái Bản 2018) - FAHASA.COM.html
Văn học,Truyện Phấn Hoa Lầu Xanh - FAHASA.COM.html
Văn học,Truyện Phía Sau Nghi Can X (Tái Bản 2019) - FAHASA.COM.html
Văn học,Truyện Phụ Nữ Vạn Người Mê - FAHASA.COM.html
Văn học,Truyện Sống Như Người Paris (Tái Bản 2018) - FAHASA.COM.html
Văn học,Truyện Sự Cứu Rỗi Của Thánh Nữ - FAHASA.COM.html
Văn học,Truyện Sự Im Lặng Của Bầy Cừu (Tái Bản 2019) - FAHASA.COM.html
Văn học,Truyện Thần Chết Làm Thêm 300 Yên_Giờ - FAHASA.COM.html
Văn học,Truyện Thất Tịch Không Mưa - FAHASA.COM.html
Văn học,Truyện Thiên Thần Và Ác Quỷ (Tái Bản 2018) - FAHASA.COM.html
Văn học,Truyện Thương Được Cứ Thương Đi (Tái Bản Lần Thứ 2 -2017) - FAHASA.COM.html
Văn học,Truyện Tiếc Rằng Mình Chẳng Đợi Được Nhau - FAHASA.COM.html
Văn học,Truyện Tiếng Chim Hót Trong Bụi Mận Gai (Tái Bản 2014) - FAHASA.COM.html
Văn học,Truyện Tình Đầu Lúc Lâm Chung Với Thiếu Nữ Thần Chết - FAHASA.COM.html
Văn học,Truyện Tình Kiếp Tam Sinh (Tái Bản Có Chỉnh Sửa Bổ Sung) - FAHASA.COM.html
Văn học,Truyện Tôi Nói Gì Khi Nói Về Chạy Bộ (Tái Bản 2018) - FAHASA.COM.html
Văn học,Truyện Tôi Thấy Hoa Vàng Trên Cỏ Xanh (Bản In Mới - 2018) - FAHASA.COM.html
Văn học,Truyện Tớ Muốn Ăn Tụy Của Cậu - FAHASA.COM.html
Văn học,Truyện Tớ Thích Cậu Hơn Cả Harvard - FAHASA.COM.html
Văn học,Truyện Totto-Chan Bên Cửa Sổ (Tái Bản 2019) - FAHASA.COM.html
Văn học,Truyện Trăm Năm Cô Đơn - FAHASA.COM.html
Văn học,Truyện Tuổi 40 Mươi Yêu Dấu (Tản Văn) - FAHASA.COM.html
Văn học,Truyện Vì Con Gái Tôi Có Thể Đánh Bại Cả Ma Vương (Bản Thường) - FAHASA.COM.html
Văn học,Truyện Xin Lỗi Em Chỉ Là Con Đĩ (Tái Bản 2018) - FAHASA.COM.html
Văn học,Truyện Yêu Lầm Anh_ - FAHASA.COM.html
Văn học,Truyện Your Name - FAHASA.COM.html
Kinh tế,Combo Sách 101 - Những Điều Nhà Lãnh Đạo Cần Biết (Bộ 6 Cuốn) - FAHASA.COM.html
Kinh tế,Combo Sách Tứ Thư Lãnh Đạo (Tái Bản) - Bộ 4 Cuốn - FAHASA.COM.html
Kinh tế,Sách 10 Điều Khác Biệt Nhất Giữa Kẻ Giàu & Người Nghèo (Tái Bản 2018) - FAHASA.COM.html
Kinh tế,Sách 10 Thói Quen Của Triệu Phú - FAHASA.COM.html
Kinh tế,Sách 13 Nguyên Tắc Nghĩ Giàu Làm Giàu - Think And Grow Rich (Tái Bản 2018) - FAHASA.COM.html
Kinh tế,Sách 24 Bài Học Sống Còn Để Đầu Tư Thành Công Trên Thị Trường Chứng Khoán (Tái Bản 2018) - FAHASA.COM.html
Kinh tế,Sách Ai Trong Cuộc Cách Mạng Công Nghệ 4.0 - FAHASA.COM.html
Kinh tế,Sách Bách Khoa Toàn Thư Về Khởi Nghiệp - FAHASA.COM.html
Kinh tế,Sách Bài Học Israel - Cuộc Hồi Sinh Vĩ Đại Của Dân Tộc Thông Minh Nhất Thế Giới (Nguyễn Hiến Lê) - FAHASA.COM.html
Kinh tế,Sách Bán Hàng Thông Minh Qua Điện Thoại Và Internet (Tái Bản Lần 2_2017) - FAHASA.COM.html
Kinh tế,Sách Bất Động Sản Căn Bản (Tái Bản 2018) - FAHASA.COM.html
Kinh tế,Sách Bầu Trời Không Chỉ Có Màu Xanh_ Tự Truyện Của Lý Quí Trung - Người Đồng Sáng Lập Thương Hiệu Phở 24 - FAHASA.COM.html
Kinh tế,Sách Bí Mật Thế Giới LeGo - FAHASA.COM.html
Kinh tế,Sách Bí Quyết Đầu Tư Và Kinh Doanh Chứng Khoán Của Tỷ Phú Warren Buffett Và George Soros - FAHASA.COM.html
Kinh tế,Sách Các Cuộc Chiến Tranh Tiền Tệ - FAHASA.COM.html
Kinh tế,Sách Cách Người Phụ Nữ Xuất Chúng Lãnh Đạo - FAHASA.COM.html
Kinh tế,Sách Cafe Book - Làm Thế Nào Để Sở Hữu Thành Công Quán Cà Phế Mới (Tái Bản 2018) - FAHASA.COM.html
Kinh tế,Sách Chào Hàng Chuyên Nghiệp Để Bán Hàng Thành Công - FAHASA.COM.html
Kinh tế,Sách Chiến Lược Đại Dương Xanh (Tái Bản 2017) - FAHASA.COM.html
Kinh tế,Sách Chiến Lược Đầu Tư Chứng Khoán (Tái Bản 2018) - FAHASA.COM.html
Kinh tế,Sách Cổ Phiếu Thường Lợi Nhuận Phi Thường (Tái Bản) - FAHASA.COM.html
Kinh tế,Sách Dẫn Dắt - Lãnh Đạo Chứ Không Quản Lý - FAHASA.COM.html
Kinh tế,Sách Đánh Thức Tiềm Năng Tài Chính - FAHASA.COM.html
Kinh tế,Sách Dấn Thân - FAHASA.COM.html
Kinh tế,Sách Đạt Kết Quả Tối Đa Từ Những Gì Bạn Có - FAHASA.COM.html
Kinh tế,Sách Dạy Con Làm Giàu 04 - FAHASA.COM.html
Kinh tế,Sách Dạy Con Làm Giàu 05 - Để Có Sức Mạnh Về Tài Chính - FAHASA.COM.html
Kinh tế,Sách Dạy Con Làm Giàu - Tập 1 (Tái Bản 2018) - FAHASA.COM.html
Kinh tế,Sách Dạy Con Làm Giàu - Tập 3 (Tái Bản 2016) - FAHASA.COM.html
Kinh tế,Sách Để Thế Giới Biết Bạn Là Ai - FAHASA.COM.html
Kinh tế,Sách Dữ Liệu Lớn - FAHASA.COM.html
Kinh tế,Sách Gương Danh Nhân - Những Bài Học Thành Công - FAHASA.COM.html
Kinh tế,Sách Hành Trình 30 Ngày Trở Thành Bậc Thầy Bán Hàng Qua Điện Thoại - FAHASA.COM.html
Kinh tế,Sách Huy Động Vốn_ Khó Mà Dễ - FAHASA.COM.html
Kinh tế,Sách Kết Thúc Bán Hàng - Đòn Quyết Định (Tái Bản 2018) - FAHASA.COM.html
Kinh tế,Sách Kinh Điển Về Khởi Nghiệp - FAHASA.COM.html
Kinh tế,Sách Kinh Tế Học Vi Mô - FAHASA.COM.html
Kinh tế,Sách Kinh Tế Vĩ Mô - FAHASA.COM.html
Kinh tế,Sách Kinh Thánh Về Nghệ Thuật Lãnh Đạo (Tái Bản 2018) - FAHASA.COM.html
Kinh tế,Sách Kỹ Năng Bán Hàng Tuyệt Đỉnh (Tái Bản 2018) - FAHASA.COM.html
Kinh tế,Sách Kỷ Nguyên Mới Của Quản Trị - FAHASA.COM.html
Kinh tế,Sách Kỷ Nguyên Tiền Điện Tử - FAHASA.COM.html
Kinh tế,Sách Làm Chủ Nghệ Thuật Bán Hàng - FAHASA.COM.html
Kinh tế,Sách Làm Điều Quan Trọng - FAHASA.COM.html
Kinh tế,Sách Lãnh Đạo Bằng Sự Khiêm Nhường - FAHASA.COM.html
Kinh tế,Sách Lợi Thế Đen - FAHASA.COM.html
Kinh tế,Sách Lời Thú Tội Mới Của Một Sát Thủ Kinh Tế - FAHASA.COM.html
Kinh tế,Sách MBA Căn Bản - FAHASA.COM.html
Kinh tế,Sách Một Đời Quản Trị - FAHASA.COM.html
Kinh tế,Sách Năng Đoạn Kim Cương (Tái Bản 2018) - FAHASA.COM.html
Kinh tế,Sách Nếu Tôi Biết Được Khi Còn 20 (Tái Bản) - FAHASA.COM.html
Kinh tế,Sách Nghệ Thuật Bán Hàng Cho Người Giàu - FAHASA.COM.html
Kinh tế,Sách Nghệ Thuật Quản Lý Tài Chính Cá Nhân - FAHASA.COM.html
Kinh tế,Sách Nghĩ Giàu & Làm Giàu (Tái Bản) - FAHASA.COM.html
Kinh tế,Sách Nghĩ Như Nhà Vô Địch (Think Like A Champion) (Bìa Cứng) - FAHASA.COM.html
Kinh tế,Sách Người Bán Hàng Vĩ Đại Nhất Thế Giới - Tập 1 - FAHASA.COM.html
Kinh tế,Sách Người Bán Hàng Vĩ Đại Nhất Thế Giới - Tập 2 - FAHASA.COM.html
Kinh tế,Sách Nguyên Tắc Thiết Kế Slide Chuẩn Ted - FAHASA.COM.html
Kinh tế,Sách Nhà Đầu Tư Thông Minh (Tái Bản 2018) - FAHASA.COM.html
Kinh tế,Sách Nhà Lãnh Đạo Không Chức Danh - FAHASA.COM.html
Kinh tế,Sách Nhà Lãnh Đạo Và Nhân Đạo_ Dẫn Đường Và Mở Đường - FAHASA.COM.html
Kinh tế,Sách Những Cuộc Phiêu Lưu Trong Kinh Doanh - FAHASA.COM.html
Kinh tế,Sách Những Đòn Tâm Lý Trong Bán Hàng (Tái Bản 2018) - FAHASA.COM.html
Kinh tế,Sách Perfect Slogan - Để Ngôn Từ Trở Thành Sức Mạnh - FAHASA.COM.html
Kinh tế,Sách Phân Tích Chứng Khoán (Security Analysis) - FAHASA.COM.html
Kinh tế,Sách Phát Triển Kỹ Năng Lãnh Đạo (Tái Bản 2017) - FAHASA.COM.html
Kinh tế,Sách Phong Cách Quản Trị Park Hang Seo - Bí Quyết Thành Công Của Doanh Nghiệp Hàn Quốc - FAHASA.COM.html
Kinh tế,Sách Phù Thủy Sàn Chứng Khoán Thế Hệ Mới - FAHASA.COM.html
Kinh tế,Sách Quảng Cáo Tự Nhiên - FAHASA.COM.html
Kinh tế,Sách Quản Lý Nghiệp - Tái Bản 2018 - FAHASA.COM.html
Kinh tế,Sách Quá Trình Hình Thành Một Nhà Tư Bản Mỹ (Tái Bản 2017) - FAHASA.COM.html
Kinh tế,Sách Sách Lược Đầu Tư Của W. Buffett - FAHASA.COM.html
Kinh tế,Sách Sói Già Phố Wall - Phần 2 (Tái Bản 2018) - FAHASA.COM.html
Kinh tế,Sách Sống Trong Giàu Có - Hành Trình 52 Tuần Để Đạt Được Tự Do Tài Chính - FAHASA.COM.html
Kinh tế,Sách Sự Quyến Rũ Của Thương Hiệu - FAHASA.COM.html
Kinh tế,Sách Sư Tử Thức Giấc - FAHASA.COM.html
Kinh tế,Sách Tâm Lý Thị Trường Chứng Khoán (Tái Bản 2017) - FAHASA.COM.html
Kinh tế,Sách Tạo Lập Mô Hình Kinh Doanh Cá Nhân - FAHASA.COM.html
Kinh tế,Sách Thành Công Không Cần Trả Giá - FAHASA.COM.html
Kinh tế,Sách Thấu Hiểu Hệ Thống - FAHASA.COM.html
Kinh tế,Sách The Big Trade - Giao Dịch Lớn (Tái Bản 2016) - FAHASA.COM.html
Kinh tế,Sách The Truth Machine - Blockchain Và Tương Lai Của Tiền Tệ - FAHASA.COM.html
Kinh tế,Sách Think And Grow Rich - Nghĩ Giàu Và Làm Giàu - FAHASA.COM.html
Kinh tế,Sách Thuật Lãnh Đạo Khởi Nghiệp - FAHASA.COM.html
Kinh tế,Sách Tiếp Thị 4.0 - Dịch Chuyển Từ Truyền Thống Sang Công Nghệ Số - FAHASA.COM.html
Kinh tế,Sách Trang Bị 101 - Những Điều Nhà Lãnh Đạo Cần Biết - FAHASA.COM.html
Kinh tế,Sách Trên Đỉnh Phố Wall (Tái Bản 2018) - FAHASA.COM.html
Kinh tế,Sách Trò Bịp Trên Phố Wall (Tái Bản 2018) - FAHASA.COM.html
Kinh tế,Sách Từ Tốt Đến Vĩ Đại - Jim Collins (Tái Bản 2017) - FAHASA.COM.html
Kinh tế,Sách Uber - Chuyến Đi Bão Táp - FAHASA.COM.html
Kinh tế,Sách Ước Mơ Của Bạn Nhất Định Thành Hiện Thực - FAHASA.COM.html
Kinh tế,Sách Vị Giám Đốc 1 Phút - Bí Quyết Áp Dụng Để Thành Công (Tái Bản 2018) - FAHASA.COM.html
Kinh tế,Sách Vị Giám Đốc Một Phút - FAHASA.COM.html
Kinh tế,Sách Vị Tu Sĩ Bán Chiếc Ferrari (Tái Bản Từ Cuốn Tìm Về Sức Mạnh Vô Biên) - FAHASA.COM.html
Kinh tế,Sách Vượt Biển Lớn - Cách Đi Lên Của Người Khởi Nghiệp Từ 5 Xu - FAHASA.COM.html
Kinh tế,Truyện Không Xinh - Không Thông Minh - Không Bất Bình Thế Giới - FAHASA.COM.html
Tâm lý - Kỹ năng sống,Sách Ai Sẽ Khóc Khi Bạn Lìa Xa - FAHASA.COM.html
Tâm lý - Kỹ năng sống,Sách Bạn Đang Nghịch Gì Với Đời Mình_ - FAHASA.COM.html
Tâm lý - Kỹ năng sống,Sách Bạn Đắt Giá Bao Nhiêu_ - FAHASA.COM.html
Tâm lý - Kỹ năng sống,Sách Bạn Đỡ Ngu Ngơ Rồi Đấy - FAHASA.COM.html
Tâm lý - Kỹ năng sống,Sách Ba Người Thầy Vĩ Đại - FAHASA.COM.html
Tâm lý - Kỹ năng sống,Sách Bốn Mùa Cuộc Sống - Châm Ngôn Ngày Mới (Tái Bản 2018) - FAHASA.COM.html
Tâm lý - Kỹ năng sống,Sách Cách Sống - FAHASA.COM.html
Tâm lý - Kỹ năng sống,Sách Cẩm Nang Con Gái (Tái Bản 2016) - FAHASA.COM.html
Tâm lý - Kỹ năng sống,Sách Cẩm Nang Tuổi Dậy Thì Dành Cho Bạn Gái - FAHASA.COM.html
Tâm lý - Kỹ năng sống,Sách Cất Tiếng Làm Điếng Thế Gian (Tái Bản 2018) - FAHASA.COM.html
Tâm lý - Kỹ năng sống,Sách Chiến Thắng Con Quỷ Trong Bạn (Tái Bản 2018) - FAHASA.COM.html
Tâm lý - Kỹ năng sống,Sách Cho Đi Là Còn Mãi - FAHASA.COM.html
Tâm lý - Kỹ năng sống,Sách Chữa Lành Sau Nỗi Đau - FAHASA.COM.html
Tâm lý - Kỹ năng sống,Sách Chuyện Của Nghề - Ai Cũng Có Việc Của Mình - FAHASA.COM.html
Tâm lý - Kỹ năng sống,Sách Cởi Trói Linh Hồn - Cuốn Sách Giúp Người Đọc Vượt Qua Giới Hạn Của Chính Mình - FAHASA.COM.html
Tâm lý - Kỹ năng sống,Sách Đắc Nhân Tâm (Khổ Lớn) (Tái Bản 2016) - FAHASA.COM.html
Tâm lý - Kỹ năng sống,Sách Đặc Quyền Của Gái Hư - FAHASA.COM.html
Tâm lý - Kỹ năng sống,Sách Dám Bị Ghét - FAHASA.COM.html
Tâm lý - Kỹ năng sống,Sách Đánh Thức Con Người Phi Thường Trong Bạn (Tái Bản 2016) - FAHASA.COM.html
Tâm lý - Kỹ năng sống,Sách Đàn Ông Sao Hỏa - Đàn Bà Sao Kim (Tìm Lại Tình Yêu) - FAHASA.COM.html
Tâm lý - Kỹ năng sống,Sách Đi Tìm Lẽ Sống (Tái Bản) - FAHASA.COM.html
Tâm lý - Kỹ năng sống,Sách Đọc Vị Bất Kỳ Ai - Để Không Bị Lừa Dối Và Lợi Dụng (Tái Bản 2018) - FAHASA.COM.html
Tâm lý - Kỹ năng sống,Sách Đời Ngắn Đừng Ngủ Dài (Tái Bản 2018) - FAHASA.COM.html
Tâm lý - Kỹ năng sống,Sách Đường Mây Qua Xứ Tuyết - Tái Bản 2018 - FAHASA.COM.html
Tâm lý - Kỹ năng sống,Sách Em Phải Đến Harvard Học Kinh Tế - FAHASA.COM.html
Tâm lý - Kỹ năng sống,Sách Giận (Tái Bản 2019) - FAHASA.COM.html
Tâm lý - Kỹ năng sống,Sách Gieo Mầm Tính Cách - Mạnh Mẽ - FAHASA.COM.html
Tâm lý - Kỹ năng sống,Sách Hài Hước Một Chút Thế Giới Sẽ Khác Đi - FAHASA.COM.html
Tâm lý - Kỹ năng sống,Sách Hạnh Phúc Cầm Tay (Tái Bản 2018) - FAHASA.COM.html
Tâm lý - Kỹ năng sống,Sách Hôn Nhân Chân Kinh - FAHASA.COM.html
Tâm lý - Kỹ năng sống,Sách Khác Biệt Hay Là Chết (Tái Bản 2016) - FAHASA.COM.html
Tâm lý - Kỹ năng sống,Sách Khéo Ăn Khéo Nói Sẽ Có Được Thiên Hạ (Bìa Cứng) - FAHASA.COM.html
Tâm lý - Kỹ năng sống,Sách Khéo Ăn Nói Sẽ Có Được Thiên Hạ - Bản Mới - FAHASA.COM.html
Tâm lý - Kỹ năng sống,Sách Kỹ Năng Tư Duy Logic - FAHASA.COM.html
Tâm lý - Kỹ năng sống,Sách Làm Ra Làm Chơi Ra Chơi - FAHASA.COM.html
Tâm lý - Kỹ năng sống,Sách Lời Hứa Về Một Cây Bút Chì (Tái Bản 2017) - FAHASA.COM.html
Tâm lý - Kỹ năng sống,Sách Lối Sống Tối Giản Của Người Nhật (Tái Bản 2018) - FAHASA.COM.html
Tâm lý - Kỹ năng sống,Sách Lòng Tốt Của Bạn Cần Thêm Đôi Phần Sắc Sảo - FAHASA.COM.html
Tâm lý - Kỹ năng sống,Sách Mảnh Nhỏ Diệu Kỳ - FAHASA.COM.html
Tâm lý - Kỹ năng sống,Sách Mỗi Ngày Trọn Một Niềm Vui - FAHASA.COM.html
Tâm lý - Kỹ năng sống,Sách Muốn An được An (Tái Bản 2018) - FAHASA.COM.html
Tâm lý - Kỹ năng sống,Sách Ngày Xưa Có Một Con Bò (Tái Bản Lần Thứ 17 - 2016) - FAHASA.COM.html
Tâm lý - Kỹ năng sống,Sách Nghệ Thuật Bài Trí Của Người Nhật - FAHASA.COM.html
Tâm lý - Kỹ năng sống,Sách Nghệ Thuật Quyến Rũ (Tái Bản 2016) - FAHASA.COM.html
Tâm lý - Kỹ năng sống,Sách Nghệ Thuật Tinh Tế Của Việc _Đếch_ Quan Tâm - FAHASA.COM.html
Tâm lý - Kỹ năng sống,Sách Nghĩ Đơn Giản - Sống Đơn Thuần - FAHASA.COM.html
Tâm lý - Kỹ năng sống,Sách Nghiệp Tình Yêu - Karma Of Love - FAHASA.COM.html
Tâm lý - Kỹ năng sống,Sách Nghĩ Khác Để Sống Khác - FAHASA.COM.html
Tâm lý - Kỹ năng sống,Sách Ngôn Ngữ Cơ Thể - Body Language (Tái Bản 2018) - FAHASA.COM.html
Tâm lý - Kỹ năng sống,Sách Người Giỏi Không Phải Là Người Làm Tất Cả (Tái Bản 2015) - FAHASA.COM.html
Tâm lý - Kỹ năng sống,Sách Người Nam Châm - Bí Mật Của Luật Hấp Dẫn (Tái Bản 2018) - FAHASA.COM.html
Tâm lý - Kỹ năng sống,Sách Những Đòn Tâm Lý Trong Thuyết Phục (Tái Bản 2017) - FAHASA.COM.html
Tâm lý - Kỹ năng sống,Sách Những Khoảng Lặng Cuộc Sống (Tái Bản 2016) - FAHASA.COM.html
Tâm lý - Kỹ năng sống,Sách Nội Tình Của Ngoại Tình - FAHASA.COM.html
Tâm lý - Kỹ năng sống,Sách Phi Lý Trí (Tái Bản 2018) - FAHASA.COM.html
Tâm lý - Kỹ năng sống,Sách Quẳng Gánh Lo Đi Và Vui Sống (Tái Bản 2018) - FAHASA.COM.html
Tâm lý - Kỹ năng sống,Sách Quẳng Gánh Lo Và Vui Sống - FAHASA.COM.html
Tâm lý - Kỹ năng sống,Sách Quan Trọng Là Thần Thái - FAHASA.COM.html
Tâm lý - Kỹ năng sống,Sách Rồi Một Ngày Cuộc Sống Hóa Hư Vô - FAHASA.COM.html
Tâm lý - Kỹ năng sống,Sách Sex Và Những Thứ Khác (Tái Bản 2017) - FAHASA.COM.html
Tâm lý - Kỹ năng sống,Sách Sinh Ra Để Chạy - FAHASA.COM.html
Tâm lý - Kỹ năng sống,Sách Sống Đơn Giản Cho Mình Thanh Thản - FAHASA.COM.html
Tâm lý - Kỹ năng sống,Sách Sức Mạnh Của Ngôn Từ (Tái Bản 2016) - FAHASA.COM.html
Tâm lý - Kỹ năng sống,Sách Sức Mạnh Của Tập Trung (Tái Bản 2018) - FAHASA.COM.html
Tâm lý - Kỹ năng sống,Sách Sức Mạnh Của Tĩnh Lặng (TB) - FAHASA.COM.html
Tâm lý - Kỹ năng sống,Sách Sức Mạnh Của Trí Tuệ Tâm Linh - FAHASA.COM.html
Tâm lý - Kỹ năng sống,Sách Sức Mạnh Tiềm Thức - FAHASA.COM.html
Tâm lý - Kỹ năng sống,Sách Tâm Lý Học Hài Hước - FAHASA.COM.html
Tâm lý - Kỹ năng sống,Sách Tâm Lý Học Thành Công (Tái Bản 2018) - FAHASA.COM.html
Tâm lý - Kỹ năng sống,Sách Tâm Lý Học Và Đời Sống - FAHASA.COM.html
Tâm lý - Kỹ năng sống,Sách Tha Thứ Cho Nhau - FAHASA.COM.html
Tâm lý - Kỹ năng sống,Sách Thả Trôi Phiền Muộn (Tái Bản 2018) - FAHASA.COM.html
Tâm lý - Kỹ năng sống,Sách Thay Đổi Câu Hỏi - Thay Đổi Cuộc Đời - FAHASA.COM.html
Tâm lý - Kỹ năng sống,Sách Thuật Xử Thế Của Người Xưa - FAHASA.COM.html
Tâm lý - Kỹ năng sống,Sách Thức Tỉnh Mục Đích Sống (Tái Bản) - FAHASA.COM.html
Tâm lý - Kỹ năng sống,Sách Tốc Độ Của Niềm Tin (Tái Bản 2018) - FAHASA.COM.html
Tâm lý - Kỹ năng sống,Sách Tôi Thích Bản Thân Nỗ Lực Hơn - FAHASA.COM.html
Tâm lý - Kỹ năng sống,Sách Tôi Tự Học - FAHASA.COM.html
Tâm lý - Kỹ năng sống,Sách Trí Tuệ Do Thái (Tái Bản 2018) - FAHASA.COM.html
Tâm lý - Kỹ năng sống,Sách Trưởng Thành Sau Ngàn Lần Tranh Đấu (Tái Bản 2018) - FAHASA.COM.html
Tâm lý - Kỹ năng sống,Sách Tư Duy Như Một Kẻ Lập Dị - Think Like A Freak - FAHASA.COM.html
Tâm lý - Kỹ năng sống,Sách Tuổi Trẻ Đáng Giá Bao Nhiêu_ (Tái Bản 2018) - FAHASA.COM.html
Tâm lý - Kỹ năng sống,Sách Tuyết Giữa Mùa Hè - FAHASA.COM.html
Tâm lý - Kỹ năng sống,Sách Vì Sao Bạn Ế_ - FAHASA.COM.html
Tâm lý - Kỹ năng sống,Sách Yêu Những Điều Không Hoàn Hảo - FAHASA.COM.html
Nuôi dạy con,Combo Sách Vì Chơi Là Học - FAHASA.COM.html
Nuôi dạy con,Sách 365 Ngày Chuẩn Bị Trước Khi Mang Thai - FAHASA.COM.html
Nuôi dạy con,Sách 3 Phút Cho Ông Bố Bận Rộn - FAHASA.COM.html
Nuôi dạy con,Sách 70 Thói Quen Tốt Trong Việc Dưỡng Con Theo Phương Pháp Shichida - FAHASA.COM.html
Nuôi dạy con,Sách Ăn Dặm Kiểu Nhật (Tái Bản 2018) - FAHASA.COM.html
Nuôi dạy con,Sách Bác Sĩ Riêng Của Bé Yêu - Bước Đệm Vững Chắc Vào Đời - FAHASA.COM.html
Nuôi dạy con,Sách Bản Đồ Tư Duy Cho Trẻ Thông Minh - Tăng Cường Trí Nhớ Và Khả Năng Tập Trung - FAHASA.COM.html
Nuôi dạy con,Sách Bí Mật Do Thái - Khơi Dậy Tài Năng Trẻ - FAHASA.COM.html
Nuôi dạy con,Sách Bí Quyết Giúp Con Giỏi Tiếng Anh - FAHASA.COM.html
Nuôi dạy con,Sách Bộ Sách An Toàn Cho Con Yêu - An Toàn Cho Con Yêu - FAHASA.COM.html
Nuôi dạy con,Sách Bộ Sách An Toàn Cho Con Yêu - Bí Mật Rất Cần Bí Mật - FAHASA.COM.html
Nuôi dạy con,Sách Bộ Truyện Giáo Dục Giới Tính Cho Trẻ Nhỏ - Con Sinh Ra Từ Đâu_ - FAHASA.COM.html
Nuôi dạy con,Sách Bước Đột Phá Trong Việc Nuôi Dạy Con - FAHASA.COM.html
Nuôi dạy con,Sách Cẩm Nang Dành Cho Mẹ Bầu & Thai Nhi - Bố Mẹ Kể Con Nghe - FAHASA.COM.html
Nuôi dạy con,Sách Cẩm Nang Nuôi Dạy Con Theo Phương Pháp Montessori - FAHASA.COM.html
Nuôi dạy con,Sách Cẩm Nang Toàn Tập - Chăm Sóc Bé Những Năm Đầu Đời - FAHASA.COM.html
Nuôi dạy con,Sách Cây To Bắt Đầu Từ Mầm Nhỏ - FAHASA.COM.html
Nuôi dạy con,Sách Cha Mẹ Can Đảm - Phương Pháp Nuôi Dạy Con Mới Mẻ Và Táo Bạo - FAHASA.COM.html
Nuôi dạy con,Sách Cha Mẹ Là Số Phận Của Con Cái - FAHASA.COM.html
Nuôi dạy con,Sách Cha Mẹ Nhật Dạy Con Lắng Nghe Hơn Là La Mắng - FAHASA.COM.html
Nuôi dạy con,Sách Cha Mẹ Nhật Dạy Con Tự Lập - FAHASA.COM.html
Nuôi dạy con,Sách Cha Mẹ Nhật Nuôi Dạy Con Trai - FAHASA.COM.html
Nuôi dạy con,Sách Cha Mẹ Vừa Đủ Tốt - FAHASA.COM.html
Nuôi dạy con,Sách Chăm Sóc Sức Khỏe Trẻ Em - Tập 1_ Sữa Mẹ - Sữa Công Thức - FAHASA.COM.html
Nuôi dạy con,Sách Chào Con! Ba Mẹ Đã Sẵn Sàng - FAHASA.COM.html
Nuôi dạy con,Sách Chiến Lược Của Mẹ Thay Đổi Cuộc Đời Con - FAHASA.COM.html
Nuôi dạy con,Sách Chờ Đến Mẫu Giáo Thì Đã Muộn - FAHASA.COM.html
Nuôi dạy con,Sách Con Cái Tự Giác Cha Mẹ Yên Tâm - FAHASA.COM.html
Nuôi dạy con,Sách Con Chúng Ta Không Sao Đâu - FAHASA.COM.html
Nuôi dạy con,Sách Con Có Em Rồi Đấy! - FAHASA.COM.html
Nuôi dạy con,Sách Con Có Thể Tự Bảo Vệ Mình - Con Không Bao Giờ Đi Lạc - FAHASA.COM.html
Nuôi dạy con,Sách Con Có Thể Tự Bảo Vệ Mình - Con Không Bao Giờ Đi Lạc (Tái Bản 2018) - FAHASA.COM.html
Nuôi dạy con,Sách Con Có Thể Tự Bảo Vệ Mình - Cơ Thể Con Là Của Con - FAHASA.COM.html
Nuôi dạy con,Sách Con Là Khách Quý - Ghi Chép Về Cách Người Mỹ Nuôi Dạy Con (Tái Bản 2018) - FAHASA.COM.html
Nuôi dạy con,Sách Con Là Sức Mạnh Của Mẹ - FAHASA.COM.html
Nuôi dạy con,Sách Con Mơ Điều Giản Dị - FAHASA.COM.html
Nuôi dạy con,Sách Con Sẽ Là Một Em Bé Hạnh Phúc - FAHASA.COM.html
Nuôi dạy con,Sách Dạy Con Dạy Cha - FAHASA.COM.html
Nuôi dạy con,Sách Dạy Con Đối Mặt Với Ván Cờ Cuộc Đời - FAHASA.COM.html
Nuôi dạy con,Sách Dạy Con Dùng Tiền - FAHASA.COM.html
Nuôi dạy con,Sách Dạy Con Thế Nào Mới Đúng - FAHASA.COM.html
Nuôi dạy con,Sách Dạy Con Thông Minh Qua Các Trò Chơi - FAHASA.COM.html
Nuôi dạy con,Sách Dạy Con Trong Hoang Mang II - FAHASA.COM.html
Nuôi dạy con,Sách Dạy Con Trong Hoang Mang (Tái Bản 2018) - FAHASA.COM.html
Nuôi dạy con,Sách Để Chồng Bạn Trở Thành Ông Bố Đảm - FAHASA.COM.html
Nuôi dạy con,Sách Để Con Được Ốm - Tái Bản 2018 - FAHASA.COM.html
Nuôi dạy con,Sách Đếm Ngược Tới Ngày Gặp Con Yêu - Tặng Kèm 1 Bookmark - FAHASA.COM.html
Nuôi dạy con,Sách Dinh Dưỡng Theo Độ Tuổi - FAHASA.COM.html
Nuôi dạy con,Sách Hành Trình Học Làm Mẹ - FAHASA.COM.html
Nuôi dạy con,Sách Hành Trình Yêu Thương - 1000 Ngày Mẹ Và Bé - FAHASA.COM.html
Nuôi dạy con,Sách Hãy Là Chính Mình Con Nhé - FAHASA.COM.html
Nuôi dạy con,Sách Hiểu Về Cảm Xúc Và Hành Vi Của Trẻ - Nhưng Nhỡ Thế Thì Sao_ (Hiểu Và Giúp Trẻ Vượt Qua Nỗi Lo) - FAHASA.COM.html
Nuôi dạy con,Sách Học Montessori Để Dạy Trẻ Theo Phương Pháp Montessori - 100 Hoạt Động Montessori_ Con Không Cần Ipad Để Lớn Khôn - FAHASA.COM.html
Nuôi dạy con,Sách Học Montessori Để Dạy Trẻ Theo Phương Pháp Montessori - 60 Hoạt Động Montessori Giúp Trẻ Trưởng Thành_ Chờ Con Lớn Thì Đã Muộn - FAHASA.COM.html
Nuôi dạy con,Sách Hỏi Bác Sĩ Nhi Đồng - Giải Đáp Thắc Mắc Của Cha Mẹ Về Bệnh Con Nít - FAHASA.COM.html
Nuôi dạy con,Sách Hơn Cả Mẹ Hổ - Dạy Con Thành Công - FAHASA.COM.html
Nuôi dạy con,Sách Không Có Bà Mẹ Nào Hoàn Hảo! - FAHASA.COM.html
Nuôi dạy con,Sách Làm Cha Mẹ Cũng Cần Phải Học - FAHASA.COM.html
Nuôi dạy con,Sách Làm Mẹ Không Áp Lực (Tái Bản 2018) - FAHASA.COM.html
Nuôi dạy con,Sách Lần Đầu Làm Mẹ - FAHASA.COM.html
Nuôi dạy con,Sách Mẹ Biết Lười Con Nên Người - FAHASA.COM.html
Nuôi dạy con,Sách Mẹ Các Nước Dạy Con Trưởng Thành - Mẹ Đức Dạy Con Kỉ Luật - FAHASA.COM.html
Nuôi dạy con,Sách Mẹ Dắt Con Đi - Cùng Con Từng Bước Trưởng Thành - FAHASA.COM.html
Nuôi dạy con,Sách Mẹ Lười Một Chút Nhé - Để Con Tự Lập Hơn - FAHASA.COM.html
Nuôi dạy con,Sách Mẹ Việt Dạy Con Bước Cùng Toàn Cầu (Tái Bản 2018) - FAHASA.COM.html
Nuôi dạy con,Sách Mẹ Việt Giúp Con Học Tốt Tiếng Anh - FAHASA.COM.html
Nuôi dạy con,Sách Mỗi Ngày 1 Trò Chơi_ 365 Trò Chơi Đơn Giản Dành Cho Bé Từ 1-3 Tuổi - FAHASA.COM.html
Nuôi dạy con,Sách Món Ăn Dặm Cho Bé (Tái Bản) - FAHASA.COM.html
Nuôi dạy con,Sách _Nghề_ Làm Cha Mẹ - FAHASA.COM.html
Nuôi dạy con,Sách Người Đức Dạy Con - Trên Bàn Ăn - FAHASA.COM.html
Nuôi dạy con,Sách Người Mẹ Tốt Hơn Là Người Thầy Tốt (Tái Bản 2015) - FAHASA.COM.html
Nuôi dạy con,Sách Người Mẹ Tốt Hơn Người Thầy Tốt - Chủ Đề_ Giáo Dục Phẩm Chất Đạo Đức - FAHASA.COM.html
Nuôi dạy con,Sách Người Mẹ Tốt Hơn Người Thầy Tốt - Chủ Đề_ Rèn Luyện Thói Quen Học Tập - FAHASA.COM.html
Nuôi dạy con,Sách Nhật Ký Của Bố - 39 Phương Pháp Để Trở Thành Người Cha Tốt (Tái Bản Từ Cuốn Để Chồng Bạn Trở Thành Ông Bố Đảm) - FAHASA.COM.html
Nuôi dạy con,Sách Nói Sao Để Khích Lệ Và Giúp Con Trưởng Thành - FAHASA.COM.html
Nuôi dạy con,Sách Nuôi Con Đại Chiến - FAHASA.COM.html
Nuôi dạy con,Sách Nuôi Con Không Phải Là Cuộc Chiến (Tái Bản 2018) - FAHASA.COM.html
Nuôi dạy con,Sách Nuôi Dạy Bé Gái Từ 0 - 6 Tuổi - FAHASA.COM.html
Nuôi dạy con,Sách Nuôi Dạy Con Kiểu Nhật - Dạy Con Làm Việc Nhà - FAHASA.COM.html
Nuôi dạy con,Sách Nuôi Dạy Con Theo Phương Pháp Montessori - FAHASA.COM.html
Nuôi dạy con,Sách Nuôi Dạy Một Dứa Trẻ Hạnh Phúc - FAHASA.COM.html
Nuôi dạy con,Sách Phương Pháp Dạy Con Không Đòn Roi - FAHASA.COM.html
Nuôi dạy con,Sách Phương Pháp Giáo Dục Con Của Người Do Thái - FAHASA.COM.html
Nuôi dạy con,Sách Phương Pháp Giáo Dục Con Của Người Mỹ - FAHASA.COM.html
Nuôi dạy con,Sách Phương Pháp Giáo Dục Montessori - Phát Hiện Mới Về Trẻ Thơ - FAHASA.COM.html
Nuôi dạy con,Sách Sau Này Con Sẽ Hiểu (Tái Bản) - FAHASA.COM.html
Nuôi dạy con,Sách Siêu Nhân Mẹ Không Cô Đơn - FAHASA.COM.html
Nuôi dạy con,Sách Sổ Tay Ăn Dăm Của Mẹ (Tái Bản 2018) - FAHASA.COM.html
Nuôi dạy con,Sách Sự Thật Về 3 Năm Đầu Đời Của Trẻ - FAHASA.COM.html
Nuôi dạy con,Sách Tạo Lập Môi Trường Sống Định Hình Nhân Cách Trẻ - FAHASA.COM.html
Nuôi dạy con,Sách Thai Giáo Theo Chuyên Gia - 280 Ngày - Mỗi Ngày Đọc Một Trang (Tái Bản 2018) - FAHASA.COM.html
Nuôi dạy con,Sách Thất Bại Tích Cực - Chìa Khóa Thành Công Cho Con - FAHASA.COM.html
Nuôi dạy con,Sách Thấu Hiểu Con Gái Tuổi Dậy Thì - FAHASA.COM.html
Nuôi dạy con,Sách Thấu Hiểu Và Hỗ Trợ Trẻ Tự Kỷ - FAHASA.COM.html
Nuôi dạy con,Sách Thiên Tài & Sự Giáo Dục Từ Sớm (TB 2016) - FAHASA.COM.html
Nuôi dạy con,Sách Thói Quen Quyết Định Thành Tích Của Trẻ - FAHASA.COM.html
Nuôi dạy con,Sách Trẻ Em Trong Gia Đình (Cuốn 1) - FAHASA.COM.html
Nuôi dạy con,Sách Tuổi Dậy Thì - Từ “Cô Bé_ Đến _Cô Nàng_ - FAHASA.COM.html
Nuôi dạy con,Sách Tủ Sách Mẹ & Bé - Chăm Sóc Mẹ Và Bé - FAHASA.COM.html
Nuôi dạy con,Sách Tủ Sách Nhật Dành Cho Phụ Huynh Việt - Khi Con Dậy Thì Bạn Sẽ Làm Gì_ - FAHASA.COM.html
Nuôi dạy con,Sách Yêu Là Không Cho Roi Cho Vọt - FAHASA.COM.html
Sách thiếu nhi,[Bản Đặc Biệt] Truyện Tranh Death Note - Tập 5 - Tặng Bọc Sách Plastic + 1 Postcard Nhựa In Màu (Số Lượng Có Hạn) - FAHASA.COM.html
Sách thiếu nhi,[Bản Đặc Biệt] Truyện Tranh Death Note - Tập 7 - Tặng Bọc Sách Plastic + 1 Postcard Nhựa In Màu (Số Lượng Có Hạn) - FAHASA.COM.html
Sách thiếu nhi,[Bản Đặc Biệt] Truyện Tranh Nozaki & Truyện Tranh Thiếu Nữ - Tập 2 - Kèm Bọc Sách PVC + Bookmark Chibi (Số Lượng Có Hạn) - FAHASA.COM.html
Sách thiếu nhi,[Bản Đặc Biệt] Truyện Tranh Nozaki & Truyện Tranh Thiếu Nữ - Tập 3 - Tặng Kèm Quà (Số Lượng Có Hạn) - FAHASA.COM.html
Sách thiếu nhi,[Bản Đặc Biệt] Truyện Tranh Trang Nhất Toàn Là Hắn - Tập 5 - Tặng Kèm 3 Postcard + 1 Móc Khóa (Số Lượng Có Hạn) - FAHASA.COM.html
Sách thiếu nhi,Sách 10 Vạn Câu Hỏi Vì Sao - Vũ Trụ Thần Bí (Tái Bản 2018) - FAHASA.COM.html
Sách thiếu nhi,Sách Bách Khoa Toàn Thư Pokémon - Best Wishes Series - FAHASA.COM.html
Sách thiếu nhi,Sách Chuyện Con Mèo Dạy Hải Âu Bay (Tái Bản 2017) - FAHASA.COM.html
Sách thiếu nhi,Sách Combo Ai Ở Sau Lưng Bạn Thế_ (Bộ 6 Cuốn) - FAHASA.COM.html
Sách thiếu nhi,Sách Cùng Chơi Với Bé - Đi Tắm Thật Thích - FAHASA.COM.html
Sách thiếu nhi,Sách Cùng Chơi Với Bé - Ú Òa! Ú Òa! - FAHASA.COM.html
Sách thiếu nhi,Sách Cùng Chơi Với Bé - Xin Chào! Xin Chào - FAHASA.COM.html
Sách thiếu nhi,Sách Danh Nhân Thế Giới_ Napôlêông (Tái Bản 2019) - FAHASA.COM.html
Sách thiếu nhi,Sách Ehon Nhật Bản - Bé Trứng - FAHASA.COM.html
Sách thiếu nhi,Sách Ehon Nhật Bản - Chuyện Những Chiếc Răng - FAHASA.COM.html
Sách thiếu nhi,Sách Ehon Nhật Bản - Giày Nhỏ Đi Thôi! (Tái Bản 2017) - FAHASA.COM.html
Sách thiếu nhi,Sách Gấu Con Thông Minh - Bảng Chữ Cái (Dành Cho Trẻ Mầm Non) - FAHASA.COM.html
Sách thiếu nhi,Sách Gieo Mầm Tính Cách Cho Bé Yêu - Tiết Kiệm - FAHASA.COM.html
Sách thiếu nhi,Sách Gieo Mầm Tính Cách - Kiên Trì - FAHASA.COM.html
Sách thiếu nhi,Sách Gió Đùa Trong Liễu - FAHASA.COM.html
Sách thiếu nhi,Sách Lớp Học Mật Ngữ - Tập 6 - FAHASA.COM.html
Sách thiếu nhi,Sách Mắt Đen Của Tôi Ơi... - FAHASA.COM.html
Sách thiếu nhi,Sách Mẹ Có Phải Là Mẹ Của Con_ Are You My Mother_ - FAHASA.COM.html
Sách thiếu nhi,Sách Nghìn Lẻ Một Đêm - FAHASA.COM.html
Sách thiếu nhi,Sách Nhật Ký Chú Bé Nhút Nhát - Những Ngày Xưa Cũ - Tập 10 - FAHASA.COM.html
Sách thiếu nhi,Sách Nhật Ký Chú Bé Nhút Nhát - Tập 11 - Cược Gấp Đôi - FAHASA.COM.html
Sách thiếu nhi,Sách Nhật Ký Chú Bé Nhút Nhát - Tập 1 - FAHASA.COM.html
Sách thiếu nhi,Sách Nhật Ký Chú Bé Nhút Nhát - Tập 2_ Luật Của Rodrick - FAHASA.COM.html
Sách thiếu nhi,Sách Nhật Ký Chú Bé Nhút Nhát - Tập 3_ Giọt Nước Tràn Ly - FAHASA.COM.html
Sách thiếu nhi,Sách Nhật Ký Chú Bé Nhút Nhát - Tập 4_ Mùa Hè Tuyệt Vời - FAHASA.COM.html
Sách thiếu nhi,Sách Nhật Ký Chú Bé Nhút Nhát - Tập 5_ Sự Thật Phũ Phàng - FAHASA.COM.html
Sách thiếu nhi,Sách Nhật Ký Chú Bé Nhút Nhát - Tập 6_ Mắc Kẹt - FAHASA.COM.html
Sách thiếu nhi,Sách Nhật Ký Chú Bé Nhút Nhát - Tập 7_ Kỳ Đà Cản Mũi - FAHASA.COM.html
Sách thiếu nhi,Sách Nhật Ký Chú Bé Nhút Nhát - Tập 8 - FAHASA.COM.html
Sách thiếu nhi,Sách Nhật ký chú bé nhút nhát - Tập 9 - Kỳ Nghỉ Thảm Khốc - FAHASA.COM.html
Sách thiếu nhi,Sách Thế Giới Động Vật - FAHASA.COM.html
Sách thiếu nhi,Sách Tuổi Thơ Dữ Dội - FAHASA.COM.html
Sách thiếu nhi,Truyện Tranh Ajin - Tập 11 - FAHASA.COM.html
Sách thiếu nhi,Truyện Tranh Ajin - Tập 6 - FAHASA.COM.html
Sách thiếu nhi,Truyện Tranh Ame & Yuki - Những Đứa Con Của Sói (Boxset 3 Tập) - FAHASA.COM.html
Sách thiếu nhi,Truyện Tranh Another - Boxset 4 Tập - (Phiên Bản Manga) - FAHASA.COM.html
Sách thiếu nhi,Truyện Tranh [Bản Thường] Death Note - Tập 3 - Tặng Kèm 1 Postcard Đen Trắng Giấy Ivory In 2 Mặt (Số Lượng Có Hạn) - FAHASA.COM.html
Sách thiếu nhi,Truyện Tranh Bleach_ The Death And The Strawberry - Tập 1 - FAHASA.COM.html
Sách thiếu nhi,Truyện Tranh Boxset Anohana - Đoá Hoa Ngày Ấy (Bộ 3 Tập) - FAHASA.COM.html
Sách thiếu nhi,Truyện Tranh Cô Dâu Pháp Sư - Tập 9 - FAHASA.COM.html
Sách thiếu nhi,Truyện Tranh Death Note - Tập 1 - FAHASA.COM.html
Sách thiếu nhi,Truyện Tranh Fairy Tail - Tập 1 (Tái Bản 2019) - FAHASA.COM.html
Sách thiếu nhi,Truyện Tranh Học Sinh Chân Kinh - Tập 18_ Thầm Nhưng Không Kín - FAHASA.COM.html
Sách thiếu nhi,Truyện Tranh Hồi Kí Vanitas - Tập 2 - FAHASA.COM.html
Sách thiếu nhi,Truyện Tranh Hồi Kí Vanitas - Tập 3 - Tặng Kèm 1 Thẻ Bài (Số Lượng Có Hạn) - FAHASA.COM.html
Sách thiếu nhi,Truyện Tranh Hunter X Hunter - Tập 31 - FAHASA.COM.html
Sách thiếu nhi,Truyện Tranh Inuyasha - Tập 14 - FAHASA.COM.html
Sách thiếu nhi,Truyện Tranh Inuyasha - Tập 16 - FAHASA.COM.html
Sách thiếu nhi,Truyện Tranh Inuyasha - Tập 2 - FAHASA.COM.html
Sách thiếu nhi,Truyện Tranh Jin - Tập 1 - FAHASA.COM.html
Sách thiếu nhi,Truyện Tranh Miko - Nhóc Tì Lớp Một - FAHASA.COM.html
Sách thiếu nhi,Truyện Tranh Naruto - Tập 3 - FAHASA.COM.html
Sách thiếu nhi,Truyện Tranh Naruto - Tập 4 - FAHASA.COM.html
Sách thiếu nhi,Truyện Tranh Nhà Trọ Nhất Khắc 02 - FAHASA.COM.html
Sách thiếu nhi,Truyện Tranh Nhà Trọ Nhất Khắc 03 - FAHASA.COM.html
Sách thiếu nhi,Truyện Tranh Nhà Trọ Nhất Khắc 06 - FAHASA.COM.html
Sách thiếu nhi,Truyện Tranh Nhà Trọ Nhất Khắc 07 - FAHASA.COM.html
Sách thiếu nhi,Truyện Tranh Nhóc Miko_ Cô Bé Nhí Nhảnh - Tập 11 - FAHASA.COM.html
Sách thiếu nhi,Truyện Tranh Nhóc Miko_ Cô Bé Nhí Nhảnh - Tập 21 - FAHASA.COM.html
Sách thiếu nhi,Truyện Tranh Nhóc Miko! Cô Bé Nhí Nhảnh - Tập 26 - FAHASA.COM.html
Sách thiếu nhi,Truyện Tranh Nhóc Miko! Cô Bé Nhí Nhảnh - Tập 27 - FAHASA.COM.html
Sách thiếu nhi,Truyện Tranh Nhóc Miko! Cô Bé Nhí Nhảnh - Tập 28 - FAHASA.COM.html
Sách thiếu nhi,Truyện Tranh Nhóc Miko! Cô Bé Nhí Nhảnh - Tập 29 - FAHASA.COM.html
Sách thiếu nhi,Truyện Tranh Nhóc Miko_ Cô Bé Nhí Nhảnh - Tập 4 - FAHASA.COM.html
Sách thiếu nhi,Truyện Tranh Nhóc Miko_ Cô Bé Nhí Nhảnh - Tập 8 - FAHASA.COM.html
Sách thiếu nhi,Truyện Tranh Nhóc Miko_ Cô Bé Nhí Nhảnh - Tập 9 - FAHASA.COM.html
Sách thiếu nhi,Truyện Tranh One Piece - Tập 88 (Bản Bìa Rời) - FAHASA.COM.html
Sách thiếu nhi,Truyện Tranh One Piece - Tập 89 (Bản Bìa Rời) - FAHASA.COM.html
Sách thiếu nhi,Truyện Tranh Siêu Quậy Teppei - Tập 2 - FAHASA.COM.html
Sách thiếu nhi,Truyện Tranh Thám Tử Conan Tập 45 (Tái Bản) - FAHASA.COM.html
Sách thiếu nhi,Truyện Tranh Thám Tử Conan - Tập 46 (Tái Bản 2018) - FAHASA.COM.html
Sách thiếu nhi,Truyện Tranh Thám Tử Kindaichi (Tập 10) - Lệnh Truy Nã Kindaichi - FAHASA.COM.html
Sách thiếu nhi,Truyện Tranh Thám Tử Kindaichi (Tập 12) - Án Mạng Ở Lâu Đài Người Sáp - FAHASA.COM.html
Sách thiếu nhi,Truyện Tranh Thám Tử Kindaichi (Tập 13) - Vụ Án Siêu Trộm Hào Hoa - FAHASA.COM.html
Sách thiếu nhi,Truyện Tranh Thám Tử Kindaichi (Tập 14) - Án Mạng Trên Đảo Nghĩa Địa - FAHASA.COM.html
Sách thiếu nhi,Truyện Tranh Thám tử Kindaichi (Tập 15) - FAHASA.COM.html
Sách thiếu nhi,Truyện Tranh Thám Tử Kindaichi - Tập 16 - Vụ Án Cánh Bướm Tử Thần - FAHASA.COM.html
Sách thiếu nhi,Truyện Tranh Thám Tử Kindaichi (Tập 17) - Vụ Án Đồng Frang Pháp Oan Nghiệt - FAHASA.COM.html
Sách thiếu nhi,Truyện Tranh Thám Tử Kindaichi (Tập 18) - Vụ Án Chuyến Khai Quật Kinh Hoàng - FAHASA.COM.html
Sách thiếu nhi,Truyện Tranh Thám Tử Kindaichi (Tập 19) - Vụ Bắt Cóc Rika - FAHASA.COM.html
Sách thiếu nhi,Truyện Tranh Thám Tử Kindaichi (Tập 1) - Án Mạng Ở Nhà Hát Opera - FAHASA.COM.html
Sách thiếu nhi,Truyện Tranh Thám Tử Kindaichi (Tập 20) - Án Mạng Trong Rừng Ma Khuyển - FAHASA.COM.html
Sách thiếu nhi,Truyện Tranh Thám Tử Kindaichi (Tập 25) - Vụ Án_ Gánh Xiếc Kỳ Lạ - FAHASA.COM.html
Sách thiếu nhi,Truyện Tranh Thám Tử Kindaichi - Tập 26 - FAHASA.COM.html
Sách thiếu nhi,Truyện Tranh Thám Tử Kindaichi - Tập 27 - FAHASA.COM.html
Sách thiếu nhi,Truyện Tranh Thám Tử Kindaichi - Tập 29 - FAHASA.COM.html
Sách thiếu nhi,Truyện Tranh Thám Tử Kindaichi (Tập 2) - Án Mạng Ở Làng Lục Giác - FAHASA.COM.html
Sách thiếu nhi,Truyện Tranh Thám Tử Kindaichi - Tập 30 - FAHASA.COM.html
Sách thiếu nhi,Truyện Tranh Thám Tử Kindaichi - Tập 32 - FAHASA.COM.html
Sách thiếu nhi,Truyện Tranh Thám Tử Kindaichi - Tập 34 - FAHASA.COM.html
Sách thiếu nhi,Truyện Tranh Thám Tử Kindaichi (Tập 4) - Vụ Án Bảy Bí Ẩn Ở Trường - FAHASA.COM.html
Sách thiếu nhi,Truyện Tranh Thám Tử Kindaichi (Tập 5) - Án Mạng Trên Đảo Hiho - FAHASA.COM.html
Sách thiếu nhi,Truyện Tranh Thám Tử Kindaichi (Tập 7) - Án Mạng Tại Dị Nhân Quán - FAHASA.COM.html
Sách thiếu nhi,Truyện Tranh Thám Tử Kindaichi - Tập 8 - Vụ Án Khúc Hát Ru Từ Địa Ngục - FAHASA.COM.html
Sách thiếu nhi,Truyện Tranh Thám Tử Lừng Danh Conan - Tập 11 (Tái Bản 2018) - FAHASA.COM.html
Sách thiếu nhi,Truyện Tranh Thám Tử Lừng Danh Conan - Tập 18 (Tái Bản 2018) - FAHASA.COM.html
Sách thiếu nhi,Truyện Tranh Thám Tử Lừng Danh Conan - Tập 40 (Tái Bản 2018) - FAHASA.COM.html
Sách thiếu nhi,Truyện Tranh Thám Tử Lừng Danh Conan Tập 42 (Tái Bản 2014) - FAHASA.COM.html
Sách thiếu nhi,Truyện Tranh Thám tử lừng danh Conan Tập 44 (Tái Bản 2018) - FAHASA.COM.html
Sách thiếu nhi,Truyện Tranh Thám Tử Lừng Danh Conan Tập 48 (Tái Bản 2014) - FAHASA.COM.html
Sách thiếu nhi,Truyện Tranh Thám Tử Lừng Danh Conan - Tập 94 - FAHASA.COM.html
Sách thiếu nhi,Truyện Tranh Thần Đồng Đất Việt 2 - Trí Nhớ Siêu Phàm - FAHASA.COM.html
Sách thiếu nhi,Truyện Tranh Thần Đồng Đất Việt 3 - Voi Đất Biết Đi - FAHASA.COM.html
Sách thiếu nhi,Truyện Tranh Thần Đồng Đất Việt 63 - Ngự Sử Nhóc Con - FAHASA.COM.html
Sách thiếu nhi,Truyện Tranh Thế Giới Hoàn Mỹ - Perfect World (Tập 1) - FAHASA.COM.html
Sách thiếu nhi,Truyện Tranh Thế Giới Hoàn Mỹ - Perfect World (Tập 2) - FAHASA.COM.html
Sách thiếu nhi,Truyện Tranh Thiên Thần Diệt Thế - Tập 12 - FAHASA.COM.html
Sách thiếu nhi,Truyện Tranh Tiệm Trừ Yêu Kì Ảo - Tập 2 - FAHASA.COM.html
Sách thiếu nhi,Truyện Tranh Tiệm Trừ Yêu Kì Ảo - Tập 3 - FAHASA.COM.html
Sách thiếu nhi,Truyện Tranh Tiệm Trừ Yêu Kì Ảo - Tập 4 - FAHASA.COM.html
Sách thiếu nhi,Truyện Tranh Tiệm Trừ Yêu Kì Ảo - Tập 6 - FAHASA.COM.html
Sách thiếu nhi,Truyện Tranh Văn Hào Lưu Lạc - Tập 1 - FAHASA.COM.html
Sách thiếu nhi,Truyện Tranh Văn Hào Lưu Lạc - Tập 2 - FAHASA.COM.html
Sách thiếu nhi,Truyện Tranh Văn Hào Lưu Lạc - Tập 5 - FAHASA.COM.html
Sách thiếu nhi,Truyện Tranh Văn Hào Lưu Lạc - Tập 8 - FAHASA.COM.html
Sách thiếu nhi,Truyện Tranh Văn Hào Lưu Lạc - Tập 9 - FAHASA.COM.html
Sách thiếu nhi,Truyện Tranh Wild Life - Cuộc Sống Hoang Dã - Tập 1 - FAHASA.COM.html
Sách thiếu nhi,Truyện Tranh Yona - Công Chúa Bình Minh - Tập 21 - FAHASA.COM.html
Sách thiếu nhi,Truyện Tranh Young Black Jack - Tập 1 - FAHASA.COM.html
Tiểu sử - Hồi ký,Sách 1987 - FAHASA.COM.html
Tiểu sử - Hồi ký,Sách 1987 Rồi - FAHASA.COM.html
Tiểu sử - Hồi ký,Sách Atatürk - Người Khai Sinh Nhà Nước Thổ Nhĩ Kỳ Hiện Đại - FAHASA.COM.html
Tiểu sử - Hồi ký,Sách Bản Lĩnh Putin (Tái Bản 2018) - FAHASA.COM.html
Tiểu sử - Hồi ký,Sách Bảo Đại - Hoàng Đế Cuối Cùng - FAHASA.COM.html
Tiểu sử - Hồi ký,Sách Bảo Đại - Hoàng Đế Cuối Cùng (Tái Bản 2018) - FAHASA.COM.html
Tiểu sử - Hồi ký,Sách Benjamin Franklin - Cuộc Đời Một Người Mỹ - FAHASA.COM.html
Tiểu sử - Hồi ký,Sách Bên Kia Đèo Mã Phục - FAHASA.COM.html
Tiểu sử - Hồi ký,Sách Bill Gates_ Tham Vọng Lớn Lao Và Quá Trình Hình Thành Đế Chế Microsoft (Tái Bản 2017) - FAHASA.COM.html
Tiểu sử - Hồi ký,Sách Bí Mật Cuộc Đời Các Danh Họa Và Điêu Khắc Gia Nổi Tiếng - FAHASA.COM.html
Tiểu sử - Hồi ký,Sách Cánh Cửa Mở Rộng - Khởi Sinh Của Cô Độc (Tái Bản 2018) - FAHASA.COM.html
Tiểu sử - Hồi ký,Sách Columbus_ Bốn Chuyến Hải Hành (1492-1504) - FAHASA.COM.html
Tiểu sử - Hồi ký,Sách Cuộc Đời Bất Tử Của Henrietta Lacks - FAHASA.COM.html
Tiểu sử - Hồi ký,Sách Cuộc Sống Không Giới Hạn - FAHASA.COM.html
Tiểu sử - Hồi ký,Sách Danh Nhân Thế Giới - FAHASA.COM.html
Tiểu sử - Hồi ký,Sách Danh Tướng - FAHASA.COM.html
Tiểu sử - Hồi ký,Sách Điệp Viên Hoàn Hảo X6 (Tái Bản 2016) - FAHASA.COM.html
Tiểu sử - Hồi ký,Sách Điệp Viên Hoàn Hảo X6 (Tái Bản2016) - FAHASA.COM.html
Tiểu sử - Hồi ký,Sách Điều Gì Đã Diễn Ra - What Happened - FAHASA.COM.html
Tiểu sử - Hồi ký,Sách Đi Qua Nước Mắt Nụ Cười - FAHASA.COM.html
Tiểu sử - Hồi ký,Sách Đi Tìm Lẽ Sống (Tái Bản 2018) - FAHASA.COM.html
Tiểu sử - Hồi ký,Sách Đời Tôi - Hồi Tưởng & Suy Ngẫm I - FAHASA.COM.html
Tiểu sử - Hồi ký,Sách D.Trump Nghệ Thuật Đàm Phán - FAHASA.COM.html
Tiểu sử - Hồi ký,Sách Einstein – Cuộc Đời Và Vũ Trụ (Tái Bản 2018) - FAHASA.COM.html
Tiểu sử - Hồi ký,Sách Elon Musk - Muốn Thay Đổi Thế Giới - FAHASA.COM.html
Tiểu sử - Hồi ký,Sách Gã Nghiện Giày - Tự Truyện Của Nhà Sáng Lập Nike - FAHASA.COM.html
Tiểu sử - Hồi ký,Sách George W.Bush - Những Thời Khắc Quyết Định - FAHASA.COM.html
Tiểu sử - Hồi ký,Sách Giữa Dòng Xoáy Cuộc Đời - FAHASA.COM.html
Tiểu sử - Hồi ký,Sách Góc Nhìn Sử Việt – Hoan Châu Ký - FAHASA.COM.html
Tiểu sử - Hồi ký,Sách Grace Kelly - Những Góc Khuất Chưa Từng Hé Lộ Về Một Cuộc Đời Tưởng Chừng Hoàn Hảo - Những Góc Khuất Chưa Từng Hé Lộ Về Một Cuộc Đời Tưởng Chừng Hoàn Hảo - FAHASA.COM.html
Tiểu sử - Hồi ký,Sách Hành Trình Xa Xứ - Giấc Mơ Quốc Gia Khởi Nghiệp - FAHASA.COM.html
Tiểu sử - Hồi ký,Sách Hàn Phi Tử - Tinh Hoa Trí Tuệ Qua Danh Ngôn (Tái Bản) - FAHASA.COM.html
Tiểu sử - Hồi ký,Sách Hồi Ký Alex Ferguson - FAHASA.COM.html
Tiểu sử - Hồi ký,Sách Hồi Ký Lý Quang Diệu - Câu Chuyện Singapore - FAHASA.COM.html
Tiểu sử - Hồi ký,Sách Hồi Ký Lý Quang Diệu - Từ Thế Giới Thứ Ba Vươn Lên Thứ Nhất - Tập 2 (Tái Bản 2018) - FAHASA.COM.html
Tiểu sử - Hồi ký,Sách Hồi Ký Nghệ Sĩ Kim Cương_ Sống Cho Người Sống Cho Mình (Bìa Mềm) - FAHASA.COM.html
Tiểu sử - Hồi ký,Sách Hồi Ký Tiến Sĩ Lê Thẩm Dương - Kèm Chữ Ký In Của Tác Giả - FAHASA.COM.html
Tiểu sử - Hồi ký,Sách Hồi Ký Zinedine Zidane - FAHASA.COM.html
Tiểu sử - Hồi ký,Sách Khi Hơi Thở Hóa Thinh Không - FAHASA.COM.html
Tiểu sử - Hồi ký,Sách Không Có Gì Là Huyền Thoại - Hồi Ký Cựu Tổng Thống Hàn Quốc Lee Myung Bak - FAHASA.COM.html
Tiểu sử - Hồi ký,Sách Khổng Minh Gia Cát Lượng Đại Truyện (Bìa Cứng) - FAHASA.COM.html
Tiểu sử - Hồi ký,Sách Khổng Tử - Tinh Hoa Trí Tuệ Qua Danh Ngôn (Tái Bản) - FAHASA.COM.html
Tiểu sử - Hồi ký,Sách Ký Ức Về Cha - FAHASA.COM.html
Tiểu sử - Hồi ký,Sách Là Người Phụ Nữ Như Tôi Mong Muốn - FAHASA.COM.html
Tiểu sử - Hồi ký,Sách Leonardo Da Vinci - FAHASA.COM.html
Tiểu sử - Hồi ký,Sách Lịch Sử Văn Minh Ả Rập - Nguyễn Hiến Lê - FAHASA.COM.html
Tiểu sử - Hồi ký,Sách Living History - Hồi Ký Hillary Clinton Và Chính Trường Nước Mỹ (Tái Bản 2014) - FAHASA.COM.html
Tiểu sử - Hồi ký,Sách Loan - Từ Cuộc Đời Của Một Con Chim Phượng Hoàng - FAHASA.COM.html
Tiểu sử - Hồi ký,Sách Lược Sử Đời Tôi - FAHASA.COM.html
Tiểu sử - Hồi ký,Sách Madam Nhu Trần Lệ Xuân - Quyền Lực Bà Rồng (Tái Bản 2016) - FAHASA.COM.html
Tiểu sử - Hồi ký,Sách Meryl Streep - Nữ Hoàng Không Ngai - FAHASA.COM.html
Tiểu sử - Hồi ký,Sách Mẹ Teresa - Nguồn Sáng Từ Trái Tim (Tái Bản 2017) - FAHASA.COM.html
Tiểu sử - Hồi ký,Sách Mike Tyson - Sự Thật Trần Trụi (Sách Dành Cho Độc Giả Trên 18 Tuổi) - FAHASA.COM.html
Tiểu sử - Hồi ký,Sách Napoleon Đại Đế - FAHASA.COM.html
Tiểu sử - Hồi ký,Sách Nhật Ký Anne Frank (Tái Bản 2018) - FAHASA.COM.html
Tiểu sử - Hồi ký,Sách Nhật Ký Đặng Thùy Trâm (Tái Bản 2018) - FAHASA.COM.html
Tiểu sử - Hồi ký,Sách Những Ngày Thơ Ấu - Hồi Kí - FAHASA.COM.html
Tiểu sử - Hồi ký,Sách Những Người Khổng Lồ Châu Á - Đối Thoại Với Ban Ki-Moon - FAHASA.COM.html
Tiểu sử - Hồi ký,Sách Ông Giáo Làng Trên Tầng Gác Mái - FAHASA.COM.html
Tiểu sử - Hồi ký,Sách Putin Logic Của Quyền Lực - FAHASA.COM.html
Tiểu sử - Hồi ký,Sách Quân Vương - FAHASA.COM.html
Tiểu sử - Hồi ký,Sách Saigon Của Tôi - FAHASA.COM.html
Tiểu sử - Hồi ký,Sách Sống Với Nghề Nai - FAHASA.COM.html
Tiểu sử - Hồi ký,Sách Tâm Thành Lộc Đời (Bìa Mềm + CD) - FAHASA.COM.html
Tiểu sử - Hồi ký,Sách Thành Long Chưa Lớn Đã Già - FAHASA.COM.html
Tiểu sử - Hồi ký,Sách Thomas Jefferson_ Nhân Sư Mỹ - FAHASA.COM.html
Tiểu sử - Hồi ký,Sách Thư Tình Gửi Một Người - FAHASA.COM.html
Tiểu sử - Hồi ký,Sách Tiểu Sử Steve Jobs (Tái Bản 2017) - Bìa Cứng - FAHASA.COM.html
Tiểu sử - Hồi ký,Sách Tôi Học Đại Học - Nguyễn Ngọc Ký - FAHASA.COM.html
Tiểu sử - Hồi ký,Sách Tôi Là Jack Ma - FAHASA.COM.html
Tiểu sử - Hồi ký,Sách Trở Về Nơi Hoang Dã - FAHASA.COM.html
Tiểu sử - Hồi ký,Sách Trump - Đừng Bao Giờ Bỏ Cuộc - FAHASA.COM.html
Tiểu sử - Hồi ký,Sách Trương Vĩnh Ký - Bị Kịch Muôn Đời (Tái Bản 2017) - FAHASA.COM.html
Tiểu sử - Hồi ký,Sách Tự Truyện Benjamin Franklin (Tái Bản 2018) - FAHASA.COM.html
Tiểu sử - Hồi ký,Sách Tự Truyện Richard Branson - Đường Ra Biển Lớn - FAHASA.COM.html
Tiểu sử - Hồi ký,Sách Tỷ Phú Bán Giày (Tái Bản 2018) - FAHASA.COM.html
Tiểu sử - Hồi ký,Sách Vàng Anh Và Phượng Hoàng - FAHASA.COM.html
Tiểu sử - Hồi ký,Sách Vua Gia Long Và Người Pháp (Tái Bản 2017) - FAHASA.COM.html
