No,book_links,book_ids,book_titles,book_authors,book_sub_categories,book_ratings,book_rated_times,book_public_dates,book_downloads,book_pages,book_desciptions,book_images
1,/advertising/15-Questions-About-Native-Advertising,1549614739,15 Questions About Native Advertising,Massimo Moruzzi,Advertising,Rating: 0,0 times,Feb 2019,44,40,"Is native advertising something new, or just a new name? Is it the same as content marketing? How does it relate to social media marketing? Does native advertising work? Does it have negative consequences for society?Should native advertisement be deregulated, or should it be more seriously...",/advertising/15-Questions-About-Native-Advertising
2,/advertising/15-Questions-About-Social-Media,1549614609,15 Questions About Social Media,Massimo Moruzzi,Advertising,Rating: 5,1 times,Feb 2019,162,42,Does all the hype surrounding social media make sense? Isn't it time that somebody tried to deconstruct all this bullshit? What are social media? Are they the same websites we used to call social networks? Why did we start calling them social media? What is social media marketing? Are companies...,/advertising/15-Questions-About-Social-Media
3,/advertising/15-Questions-About-Online-Advertising,1549614098,15 Questions About Online Advertising,Massimo Moruzzi,Advertising,Rating: 5,1 times,Feb 2019,86,42,"The real question of course is: Does online advertising work? Unfortunately, it's impossible to give a simple answer to this apparently straightforward question. For starters, this is not a single question, but at least three different ones. The right question to ask would be: for whom does online...",/advertising/15-Questions-About-Online-Advertising
4,/advertising/No-Nonsense-Niche-Selection,1463560023,No Nonsense Niche Selection,Rob Harris,Advertising,Rating: 4,1 times,May 2016,462,40,Get niche market ideas for your business and find out if they're profitable. Includes free bonus from 6 figure marketer.,/advertising/No-Nonsense-Niche-Selection
5,/advertising/Building-a-Brand-is-Like-Building-a-House,1455075900,Building a Brand is Like Building a House,Roger Lindeback,Advertising,Rating: 2,2 times,Feb 2016,1369,120,Over the years I've had a lot of conversations revolving around branding. So I've come up with a simple metaphor to help explain it.'Building A Brand Is Like Building A House' is a free digital ebook that aims to simply and tangibly explain the different aspects of branding. ,/advertising/Building-a-Brand-is-Like-Building-a-House
6,/magazines/Ideal-Inspiration-Issue-6,1455051050,Ideal Inspiration Issue 6,Nick Johnson,Magazines,Rating: 0,0 times,Feb 2016,368,42,"Ideal Inspiration is a magazine showcasing amazing designers work, including illustration, typography and graphic designers. Each page gives you an insight into a few pieces of each designers work so you are inspired by someones work you may not usually come across.",/magazines/Ideal-Inspiration-Issue-6
7,/advertising/The-Bible-Bashing-Seven-Deadly-Sins-in-Copywriting-How-we-Use-These-Tools-to-Exploit-You,1445283827,'The Bible Bashing: Seven Deadly Sins in Copywriting! How we Use These Tools to Exploit You!',Mya Cherelle,Advertising,Rating: 0,0 times,Oct 2015,402,25,Do you feel sinful at times? You're not alone! Do you want to know the RAW BASICS? Do you feel idle and need to know the answers? Do you Sometimes get angry when you don't get what you want? Do you wonder in envy how the hell did the person closed the deal? No fear. Join in! I can help you. You...,/advertising/The-Bible-Bashing-Seven-Deadly-Sins-in-Copywriting-How-we-Use-These-Tools-to-Exploit-You
8,/advertising/The-Lazy-Man-s-Way-to-Google-Adsense-Riches,1408085877,The Lazy Man's Way to Google Adsense Riches,Claire Suanders,Advertising,Rating: 4.33,3 times,Aug 2014,983,104,"Please pardon us if this letter doesn't sound all slick and hyped-up like many of the so-called 'gurus' you see on late-night TV, or on the internet. In fact, you have probably never heard of us. That's because we are just a couple of real guys, like you. We have played around on the internet...",/advertising/The-Lazy-Man-s-Way-to-Google-Adsense-Riches
9,/self-improvement/Discover-100-Ways-How-Quickly-You-Can-Change-Your-Poor-Credit-Score-Vol-2,1405576079,Discover 100 Ways How Quickly You Can Change Your Poor Credit Score Vol.2,Terry D. Clark,Self-Improvement,Rating: 4.5,2 times,Jul 2014,690,120,"A bad credit score can cost you thousands of dollars in higher insurance, higher interest rates, college, a good Job -- as well as deny you opportunities for mortgages and other loans. You can have good credit score in less than 2 months. If you are tired of being rejected by the banks and credit...",/self-improvement/Discover-100-Ways-How-Quickly-You-Can-Change-Your-Poor-Credit-Score-Vol-2
10,/food-recipes/Multi-Quick-Healthy-Snack-Meals-Recipes-In-30-Minutes-or-Less-Vol-1,1404413453,Multi-Quick Healthy Snack Meals & Recipes In 30 Minutes or Less. Vol.1,Terry D. Clark,Food/Recipes,Rating: 4.67,3 times,Jul 2014,1305,71,"A simple eBook with 'Quick Healthy Snacks, Meals & Recipes in 30 Minutes or Less 

-- For the busy mom's who don't have the time to cook large meals and be in the kitchen all day. You work hard and want to spend more time with your kids and family 

-- this eBook will have you preparing great...",/food-recipes/Multi-Quick-Healthy-Snack-Meals-Recipes-In-30-Minutes-or-Less-Vol-1
11,/advertising/Affiliate-Marketing-101,1390829519,Affiliate Marketing 101,Douglas Michael,Advertising,Rating: 2,2 times,Jan 2014,671,60,"Welcome to Effective Affiliate Program Management. I
Wrote this for one reason, and one reason only, and
That's to show you how to maintain both your affiliate system, the affiliates contained within it, the offers you send them, and how to get the most out of all of the above. Also, Iâ€Ÿll be...",/advertising/Affiliate-Marketing-101
12,/advertising/Profit-with-Classified-Ads,1353304688,Profit with Classified Ads!,Nick Berry,Advertising,Rating: 4,3 times,Nov 2012,1145,75,The most comprehensive guide to writing effective online classified ad copy! Written by the owner of a classified ad website!,/advertising/Profit-with-Classified-Ads
13,/advertising/The-Facebook-Advertising-Five-Step-Formula-to-get-More-Traffic,1311948262,The Facebook Advertising Five Step Formula to get More Traffic,Maria Gudelis,Advertising,Rating: 4.29,7 times,Jul 2011,4790,34,"Do you want to be successful in advertising your online business and get more traffic?  Do you want to know what the experts know about Facebook ads?  Well, in this book, I want to teach you everything you need to know about advertising on Facebook.",/advertising/The-Facebook-Advertising-Five-Step-Formula-to-get-More-Traffic
14,/advertising/Build-An-AdSense-Empire,1207329299,Build An AdSense Empire,Home Brigade,Advertising,Rating: 4.09,11 times,Aug 2010,18581,98,Many website owners have built a fortune at breakneck speed using AdSense. Now you can learn how to do it too--even if you have limited or no experience with e-commerce or online advertising!,/advertising/Build-An-AdSense-Empire
15,/advertising/BMA-s-Advertising-and-Promotions-Articles-Vol-I,1175589671,"BMA's Advertising and Promotions Articles, Vol. I",Ismael D. Tabije,Advertising,Rating: 4.6,10 times,Aug 2010,11107,32,"Download this FREE e-Book for advertising and promotion tips, advice, strategies, and solutions from world-renowned experts. Download it today!",/advertising/BMA-s-Advertising-and-Promotions-Articles-Vol-I
16,/advertising/Maniac-Traffic-Crazy-Buyers,1235590196,Maniac Traffic Crazy Buyers,Sean Supplee,Advertising,Rating: 4.33,3 times,Aug 2010,4841,17,"Unlock the secrets of effective promotion in today's online market place. The useful tips in this eBook are applicable to any type of online business including  MLM, Matrix, HYIP, List Build, and Sales, to name a few. This incredible eBook is a free download source that will place you ahead of...",/advertising/Maniac-Traffic-Crazy-Buyers
17,/advertising/Viral-Ebook-Explosion,1205934155,Viral Ebook Explosion,Jack Laybourn,Advertising,Rating: 3.7,10 times,Aug 2010,7353,38,"Want to make passive income while you sleep? Discover how you can quickly create your own branded cash-producing viral eBooks with just a few clicks
that will spread all over the Web!
",/advertising/Viral-Ebook-Explosion
18,/advertising/Ultimate-Dirty-Internet-Marketing-Tricks,1194870904,Ultimate Dirty Internet Marketing Tricks,Nhat Le,Advertising,Rating: 3.8,5 times,Aug 2010,9318,62,Discover what some Internet marketers use to generate massive success; and learn ways that you can use those same Internet marketing tricks to make a fortune!,/advertising/Ultimate-Dirty-Internet-Marketing-Tricks
19,/advertising/AdWords-Made-Easy,1155940740,AdWords Made Easy,Brad Callen,Advertising,Rating: 4.73,15 times,Aug 2010,27117,84,A free and powerful 84-page eBook guide with focus on how to profit by using the Google AdWords System.,/advertising/AdWords-Made-Easy
20,/advertising/Getting-Traffic-to-all-Your-Websites,1200501421,Getting Traffic to all Your Websites,David O'Connell,Advertising,Rating: 5,10 times,Aug 2010,19064,34,"Discover 49 useful tips to generate new traffic to all of your websites. Also learn how to attract high-quality targeted traffic to your blog and websites using the seven (7) ways to get free online traffic, and the six (6) ways to increase blog traffic that utilize Web traffic secrets and SEO...",/advertising/Getting-Traffic-to-all-Your-Websites
21,/advertising/37-Killer-AdWords-Pay-Per-Click-Secrets-Exposed,1175175620,37 Killer AdWords - Pay-Per-Click Secrets Exposed,Roger C. Hall,Advertising,Rating: 4.45,22 times,Aug 2010,23671,34,"By Roger C. Hall- Certified Google AdWords Professional. In this free eBook, the author reveals secrets that will enable you to discover more Google AdWords; and stay ahead of your competition.   
",/advertising/37-Killer-AdWords-Pay-Per-Click-Secrets-Exposed
22,/advertising/10-Ways-to-Write-More-Effective-Ads,1173424099,10 Ways to Write More Effective Ads,Fred Jenkins,Advertising,Rating: 4.86,69 times,Aug 2010,54221,28,"If you've been struggling to make sales, more than likely your ad copy is to blame. But don't worry because it's not your fault. Big companies pay advertising agencies to handle the hard work for them; and the people at those companies have made it their business to know the art of writing to...",/advertising/10-Ways-to-Write-More-Effective-Ads
23,/advertising/Advertising-for-Results,1167319012,Advertising for Results,G.F. Brown,Advertising,Rating: 4.62,21 times,Aug 2010,46795,165,"This free eBook is your 164-page, step-by-step guide for building an effective advertising campaign. Learn the importance and art of gathering materials, creating ideas, writing effective headlines, and more. If you want fast, high sales-yielding results, download now! 
",/advertising/Advertising-for-Results
24,/advertising/Opt-in-List-Building-for-Beginners,1196855788,Opt-in List Building for Beginners,Ian McIntosh,Advertising,Rating: 5,2 times,Aug 2010,6645,23,The essential step-by-step guide to building your very own responsive opt-in mailing list; and discovering how that list alone can make money for you!,/advertising/Opt-in-List-Building-for-Beginners
25,/advertising/Encyclopedia-of-Free-Online-Advertising-2nd-Edition,1207810796,Encyclopedia of Free Online Advertising - 2nd Edition,Jeff Dedrick,Advertising,Rating: 4.43,7 times,Aug 2010,22119,80,"The 2nd Edition of the Encyclopedia of Free Online Advertising includes   information about online  promotion vehicles to help you promote your business effectively, including but not limited to 
affiliate programs, affiliate marketing, free advertising, ad blasting, blog comments, banner...",/advertising/Encyclopedia-of-Free-Online-Advertising-2nd-Edition
26,/advertising/How-to-Get-Google-7-Cent-Traffic-100-Legal,1232902386,How to Get Google 7 Cent Traffic (100% Legal),Roger Hall,Advertising,Rating: 4.14,7 times,Aug 2010,7398,N/A,Learn the 100% legal and Google-approved method of getting ultra low-cost clicks from Google AdWords!,/advertising/How-to-Get-Google-7-Cent-Traffic-100-Legal
27,/advertising/Rael-The-Masonic-Messiah,1203872504,Rael - The Masonic Messiah,Daniel Vandinja,Advertising,Rating: 4.71,14 times,Aug 2010,13692,114,"Download the FREE e-book, the Masonic Messiah, and discover the connections between Raelism, Freemasonry, The New World Order (NWO) and the Illuminati.

    * Why is the agenda of the ruling elite identical to that of the Raelians?
    * What is the Freemasonic, Great Work, all about?
    *...",/advertising/Rael-The-Masonic-Messiah
