https://www.free-ebooks.net/drama,15
https://www.free-ebooks.net/erotica,12
https://www.free-ebooks.net/fiction,52
https://www.free-ebooks.net/flash-fiction,21
https://www.free-ebooks.net/horror-gothic,9
https://www.free-ebooks.net/humor,13
https://www.free-ebooks.net/mystery,18
https://www.free-ebooks.net/poetry,29
https://www.free-ebooks.net/romance,26
https://www.free-ebooks.net/sci-fi-fantasy,50
https://www.free-ebooks.net/short-stories,43
https://www.free-ebooks.net/youth,18

https://www.free-ebooks.net/advertising,3
https://www.free-ebooks.net/animals-pets,6
https://www.free-ebooks.net/beauty-fashion,4
https://www.free-ebooks.net/biography,14
https://www.free-ebooks.net/body-spirit,25
https://www.free-ebooks.net/business,32
https://www.free-ebooks.net/career,8
https://www.free-ebooks.net/computer-internet,24
https://www.free-ebooks.net/ebay,3
https://www.free-ebooks.net/economy,10
https://www.free-ebooks.net/educational,14
https://www.free-ebooks.net/fitness,14
https://www.free-ebooks.net/food-recipes,16
https://www.free-ebooks.net/games,5
https://www.free-ebooks.net/general-non-fiction,17
https://www.free-ebooks.net/health,29
https://www.free-ebooks.net/history,9
https://www.free-ebooks.net/human-rights,5
https://www.free-ebooks.net/international,69
https://www.free-ebooks.net/marketing,36
https://www.free-ebooks.net/miscellaneous,7
https://www.free-ebooks.net/network-marketing,8
https://www.free-ebooks.net/parenting-children,9
https://www.free-ebooks.net/philosophy,11
https://www.free-ebooks.net/politics,10
https://www.free-ebooks.net/psychology,9
https://www.free-ebooks.net/recreation-hobby,12
https://www.free-ebooks.net/reference,14
https://www.free-ebooks.net/religious,57
https://www.free-ebooks.net/science,7
https://www.free-ebooks.net/self-improvement,47
https://www.free-ebooks.net/travel,10
https://www.free-ebooks.net/tutorials,8
https://www.free-ebooks.net/web-design,4
https://www.free-ebooks.net/writing-publishing,7
https://www.free-ebooks.net/academic-articles,10
https://www.free-ebooks.net/anthropology,3
https://www.free-ebooks.net/archives,3
https://www.free-ebooks.net/classic-world-literature,1
https://www.free-ebooks.net/communications-academic,2
https://www.free-ebooks.net/academic-economics,4
https://www.free-ebooks.net/engineering,3
https://www.free-ebooks.net/environmental-studies-academic,3
https://www.free-ebooks.net/multicultural-and-gender-studies,6
https://www.free-ebooks.net/academic-geography,4
https://www.free-ebooks.net/academic-history,13
https://www.free-ebooks.net/humanities-and-arts,17
https://www.free-ebooks.net/lgbt-studies,1
https://www.free-ebooks.net/mathematics,4
https://www.free-ebooks.net/medical-academic,15
https://www.free-ebooks.net/academic-memoirs-and-biography,5
https://www.free-ebooks.net/philosophy-and-epistemology,10
https://www.free-ebooks.net/postmodern-approaches,1
https://www.free-ebooks.net/psychology-culture,12
https://www.free-ebooks.net/religion-spirituality,7
https://www.free-ebooks.net/robotics-academic,11
https://www.free-ebooks.net/academic-science,15
https://www.free-ebooks.net/sociology,6
https://www.free-ebooks.net/teachers-resources,6
https://www.free-ebooks.net/internet-technology,22
https://www.free-ebooks.net/academic-travel,1
https://www.free-ebooks.net/business-textbooks,4
https://www.free-ebooks.net/computer-sciences-textbooks,6
https://www.free-ebooks.net/engineering-textbooks,10
https://www.free-ebooks.net/law-textbooks,0
https://www.free-ebooks.net/mathematics-textbooks,5
https://www.free-ebooks.net/science-textbooks,3
https://www.free-ebooks.net/world-textbooks,1
https://www.free-ebooks.net/excerpt,31
https://www.free-ebooks.net/magazines,17
https://www.free-ebooks.net/marketplace,26
https://www.free-ebooks.net/editors-choice,0
https://www.free-ebooks.net/childrens-classics,13
https://www.free-ebooks.net/drama-classics,9
https://www.free-ebooks.net/fiction-classics,60
https://www.free-ebooks.net/horror-classics,4
https://www.free-ebooks.net/humor-classics,2
https://www.free-ebooks.net/misc-classics,3
https://www.free-ebooks.net/mystery-classics,12
https://www.free-ebooks.net/poetry-classics,5
https://www.free-ebooks.net/romance-classics,9
https://www.free-ebooks.net/sci-fi-classics,6
https://www.free-ebooks.net/short-stories-classics,19
https://www.free-ebooks.net/adventures-audiobooks,0
https://www.free-ebooks.net/classics-audiobooks,0
https://www.free-ebooks.net/crime-mystery-audiobooks,0
https://www.free-ebooks.net/experimental-audiobooks,0
https://www.free-ebooks.net/fantasy-audiobooks,0
https://www.free-ebooks.net/fiction-audiobooks,0
https://www.free-ebooks.net/historical-audiobooks,0
https://www.free-ebooks.net/humor-comedy-audiobooks,0
https://www.free-ebooks.net/modern-audiobooks,0
https://www.free-ebooks.net/philosophical-audiobooks,0
https://www.free-ebooks.net/science-fiction-audiobooks,0
https://www.free-ebooks.net/thrillers-horror-audiobooks,0
https://www.free-ebooks.net/humour-audiobooks,0
https://www.free-ebooks.net/memories-audiobooks,0
https://www.free-ebooks.net/non-fiction-audiobooks,0
https://www.free-ebooks.net/philosophy-audiobooks,0
https://www.free-ebooks.net/poetry-audiobooks,0
https://www.free-ebooks.net/religion-audiobooks,0
https://www.free-ebooks.net/self-teaching-audiobooks,0
https://www.free-ebooks.net/speeches-audiobooks,0
https://www.free-ebooks.net/animal-adventures-audiobooks,0
https://www.free-ebooks.net/children-classics-audiobooks,0
https://www.free-ebooks.net/fairy-tales-audiobooks,0
https://www.free-ebooks.net/folklore-stories-audiobooks,0
https://www.free-ebooks.net/grown-up-audiobooks,0
https://www.free-ebooks.net/humor-audiobooks,0
https://www.free-ebooks.net/poems-audiobooks,0
https://www.free-ebooks.net/religious-audiobooks,0
https://www.free-ebooks.net/serials-audiobooks,0
