category,sub_category,link
Fiction,Drama,https://www.free-ebooks.net/drama
Fiction,Erotica,https://www.free-ebooks.net/erotica
Fiction,Fiction,https://www.free-ebooks.net/fiction
Fiction,Flash Fiction,https://www.free-ebooks.net/flash-fiction
Fiction,Horror-Gothic,https://www.free-ebooks.net/horror-gothic
Fiction,Humor,https://www.free-ebooks.net/humor
Fiction,Mystery,https://www.free-ebooks.net/mystery
Fiction,Poetry,https://www.free-ebooks.net/poetry
Fiction,Romance,https://www.free-ebooks.net/romance
Fiction,Sci-fi Fantasy,https://www.free-ebooks.net/sci-fi-fantasy
Fiction,Short Stories,https://www.free-ebooks.net/short-stories
Fiction,Youth,https://www.free-ebooks.net/youth
Non Fiction,Advertising,https://www.free-ebooks.net/advertising
Non Fiction,Animals & Pets,https://www.free-ebooks.net/animals-pets
Non Fiction,Beauty & Fashion,https://www.free-ebooks.net/beauty-fashion
Non Fiction,Biography,https://www.free-ebooks.net/biography
Non Fiction,Body & Spirit,https://www.free-ebooks.net/body-spirit
Non Fiction,Business,https://www.free-ebooks.net/business
Non Fiction,Career,https://www.free-ebooks.net/career
Non Fiction,Computer & Internet,https://www.free-ebooks.net/computer-internet
Non Fiction,eBay,https://www.free-ebooks.net/ebay
Non Fiction,Economy,https://www.free-ebooks.net/economy
Non Fiction,Educational,https://www.free-ebooks.net/educational
Non Fiction,Fitness,https://www.free-ebooks.net/fitness
Non Fiction,Food/Recipes,https://www.free-ebooks.net/food-recipes
Non Fiction,Games,https://www.free-ebooks.net/games
Non Fiction,General Non Fiction,https://www.free-ebooks.net/general-non-fiction
Non Fiction,Health,https://www.free-ebooks.net/health
Non Fiction,History,https://www.free-ebooks.net/history
Non Fiction,Human Rights,https://www.free-ebooks.net/human-rights
Non Fiction,International,https://www.free-ebooks.net/international
Non Fiction,Marketing,https://www.free-ebooks.net/marketing
Non Fiction,Miscellaneous,https://www.free-ebooks.net/miscellaneous
Non Fiction,Network Marketing,https://www.free-ebooks.net/network-marketing
Non Fiction,Parenting/Children,https://www.free-ebooks.net/parenting-children
Non Fiction,Philosophy,https://www.free-ebooks.net/philosophy
Non Fiction,Politics,https://www.free-ebooks.net/politics
Non Fiction,Psychology,https://www.free-ebooks.net/psychology
Non Fiction,Recreation & Hobby,https://www.free-ebooks.net/recreation-hobby
Non Fiction,Reference,https://www.free-ebooks.net/reference
Non Fiction,Religious,https://www.free-ebooks.net/religious
Non Fiction,Science,https://www.free-ebooks.net/science
Non Fiction,Self-Improvement,https://www.free-ebooks.net/self-improvement
Non Fiction,Travel,https://www.free-ebooks.net/travel
Non Fiction,Tutorials,https://www.free-ebooks.net/tutorials
Non Fiction,Web Design,https://www.free-ebooks.net/web-design
Non Fiction,Writing & Publishing,https://www.free-ebooks.net/writing-publishing
Academic,Academic Articles,https://www.free-ebooks.net/academic-articles
Academic,Anthropology,https://www.free-ebooks.net/anthropology
Academic,Archives,https://www.free-ebooks.net/archives
Academic,Classic Literature,https://www.free-ebooks.net/classic-world-literature
Academic,Communications,https://www.free-ebooks.net/communications-academic
Academic,Economics,https://www.free-ebooks.net/academic-economics
Academic,Engineering,https://www.free-ebooks.net/engineering
Academic,Environment,https://www.free-ebooks.net/environmental-studies-academic
Academic,Gender Studies,https://www.free-ebooks.net/multicultural-and-gender-studies
Academic,Geography,https://www.free-ebooks.net/academic-geography
Academic,History,https://www.free-ebooks.net/academic-history
Academic,Humanities and Arts,https://www.free-ebooks.net/humanities-and-arts
Academic,LGBT Studies,https://www.free-ebooks.net/lgbt-studies
Academic,Mathematics,https://www.free-ebooks.net/mathematics
Academic,Medical,https://www.free-ebooks.net/medical-academic
Academic,Memoirs & Biography,https://www.free-ebooks.net/academic-memoirs-and-biography
Academic,Philosophy,https://www.free-ebooks.net/philosophy-and-epistemology
Academic,Postmodernism,https://www.free-ebooks.net/postmodern-approaches
Academic,Psychology & Culture,https://www.free-ebooks.net/psychology-culture
Academic,Religion,https://www.free-ebooks.net/religion-spirituality
Academic,Robotics,https://www.free-ebooks.net/robotics-academic
Academic,Science,https://www.free-ebooks.net/academic-science
Academic,Sociology,https://www.free-ebooks.net/sociology
Academic,Teacher's Resources,https://www.free-ebooks.net/teachers-resources
Academic,Technology,https://www.free-ebooks.net/internet-technology
Academic,Travel,https://www.free-ebooks.net/academic-travel
Textbooks,Business,https://www.free-ebooks.net/business-textbooks
Textbooks,Computer Sciences,https://www.free-ebooks.net/computer-sciences-textbooks
Textbooks,Engineering,https://www.free-ebooks.net/engineering-textbooks
Textbooks,Law,https://www.free-ebooks.net/law-textbooks
Textbooks,Mathematics,https://www.free-ebooks.net/mathematics-textbooks
Textbooks,Science,https://www.free-ebooks.net/science-textbooks
Textbooks,World,https://www.free-ebooks.net/world-textbooks
Others,Free Previews,https://www.free-ebooks.net/excerpt
Others,Magazines,https://www.free-ebooks.net/magazines
Others,Marketplace,https://www.free-ebooks.net/marketplace
Others,Editor's Choice,https://www.free-ebooks.net/editors-choice
Classics,Children's Classics,https://www.free-ebooks.net/childrens-classics
Classics,Drama Classics,https://www.free-ebooks.net/drama-classics
Classics,Fiction Classics,https://www.free-ebooks.net/fiction-classics
Classics,Horror Classics,https://www.free-ebooks.net/horror-classics
Classics,Humor Classics,https://www.free-ebooks.net/humor-classics
Classics,Misc Classics,https://www.free-ebooks.net/misc-classics
Classics,Mystery Classics,https://www.free-ebooks.net/mystery-classics
Classics,Poetry Classics,https://www.free-ebooks.net/poetry-classics
Classics,Romance Classics,https://www.free-ebooks.net/romance-classics
Classics,Sci-Fi Classics,https://www.free-ebooks.net/sci-fi-classics
Classics,Short Stories Classics,https://www.free-ebooks.net/short-stories-classics
Fiction Audiobooks,Adventures,https://www.free-ebooks.net/adventures-audiobooks
Fiction Audiobooks,Classics,https://www.free-ebooks.net/classics-audiobooks
Fiction Audiobooks,Crime & Mystery,https://www.free-ebooks.net/crime-mystery-audiobooks
Fiction Audiobooks,Experimental,https://www.free-ebooks.net/experimental-audiobooks
Fiction Audiobooks,Fantasy,https://www.free-ebooks.net/fantasy-audiobooks
Fiction Audiobooks,Fiction,https://www.free-ebooks.net/fiction-audiobooks
Fiction Audiobooks,Historical,https://www.free-ebooks.net/historical-audiobooks
Fiction Audiobooks,Humor & Comedy,https://www.free-ebooks.net/humor-comedy-audiobooks
Fiction Audiobooks,Modern,https://www.free-ebooks.net/modern-audiobooks
Fiction Audiobooks,Philosophical,https://www.free-ebooks.net/philosophical-audiobooks
Fiction Audiobooks,Science Fiction,https://www.free-ebooks.net/science-fiction-audiobooks
Fiction Audiobooks,Thrillers & Horror,https://www.free-ebooks.net/thrillers-horror-audiobooks
Non Fiction Audiobooks,Humour,https://www.free-ebooks.net/humour-audiobooks
Non Fiction Audiobooks,Memories,https://www.free-ebooks.net/memories-audiobooks
Non Fiction Audiobooks,Non Fiction,https://www.free-ebooks.net/non-fiction-audiobooks
Non Fiction Audiobooks,Philosophy,https://www.free-ebooks.net/philosophy-audiobooks
Non Fiction Audiobooks,Poetry,https://www.free-ebooks.net/poetry-audiobooks
Non Fiction Audiobooks,Religion,https://www.free-ebooks.net/religion-audiobooks
Non Fiction Audiobooks,Self Teaching,https://www.free-ebooks.net/self-teaching-audiobooks
Non Fiction Audiobooks,Speeches,https://www.free-ebooks.net/speeches-audiobooks
Children Audiobooks,Animal Adventures,https://www.free-ebooks.net/animal-adventures-audiobooks
Children Audiobooks,Children Classics,https://www.free-ebooks.net/children-classics-audiobooks
Children Audiobooks,Fairy Tales,https://www.free-ebooks.net/fairy-tales-audiobooks
Children Audiobooks,Folklore Stories,https://www.free-ebooks.net/folklore-stories-audiobooks
Children Audiobooks,Grown Up,https://www.free-ebooks.net/grown-up-audiobooks
Children Audiobooks,Humor,https://www.free-ebooks.net/humor-audiobooks
Children Audiobooks,Poems,https://www.free-ebooks.net/poems-audiobooks
Children Audiobooks,Religious,https://www.free-ebooks.net/religious-audiobooks
Children Audiobooks,Serials,https://www.free-ebooks.net/serials-audiobooks
