Văn học,170,https://www.fahasa.com/sach-trong-nuoc/van-hoc-trong-nuoc
Kinh tế,37,https://www.fahasa.com/sach-trong-nuoc/kinh-te-chinh-tri-phap-ly
Tâm lý - Kỹ năng sống,108,https://www.fahasa.com/sach-trong-nuoc/tam-ly-ky-nang-song
Nuôi dạy con,27,https://www.fahasa.com/sach-trong-nuoc/nuoi-day-con
Sách thiếu nhi,454,https://www.fahasa.com/sach-trong-nuoc/thieu-nhi
Tiểu sử - Hồi kí,12,https://www.fahasa.com/sach-trong-nuoc/tieu-su-hoi-ky


Văn học,https://www.fahasa.com/sach-trong-nuoc/van-hoc-trong-nuoc/page/11.html
Kinh tế,https://www.fahasa.com/sach-trong-nuoc/kinh-te-chinh-tri-phap-ly/page/15.html
Tâm lý - Kỹ năng sống,https://www.fahasa.com/sach-trong-nuoc/tam-ly-ky-nang-song/page/11.html
Nuôi dạy con,Xong hết rồi nha
Sách thiếu nhi,https://www.fahasa.com/sach-trong-nuoc/thieu-nhi/page/17.html
Tiểu sử - Hồi kí,Xong hết rồi nha